-1377.376912 -798.000000 -206.898195
-1375.526575 -798.000000 -206.139082
-1373.676238 -798.000000 -205.379970
-1371.825901 -798.000000 -204.620857
-1369.975563 -798.000000 -203.861744
-1368.125226 -798.000000 -203.102631
-1366.274889 -798.000000 -202.343519
-1364.424552 -798.000000 -201.584406
-1362.574214 -798.000000 -200.825293
-1360.723877 -798.000000 -200.066181
-1358.873540 -798.000000 -199.307068
-1357.023203 -798.000000 -198.547955
-1355.172865 -798.000000 -197.788842
-1353.322528 -798.000000 -197.029730
-1351.472191 -798.000000 -196.270617
-1349.621854 -798.000000 -195.511504
-1347.771517 -798.000000 -194.752392
-1345.921179 -798.000000 -193.993279
-1344.070842 -798.000000 -193.234166
-1342.220505 -798.000000 -192.475054
-1340.370168 -798.000000 -191.715941
-1338.519830 -798.000000 -190.956828
-1336.669493 -798.000000 -190.197715
-1334.819156 -798.000000 -189.438603
-1332.968819 -798.000000 -188.679490
-1331.118481 -798.000000 -187.920377
-1329.268144 -798.000000 -187.161265
-1327.417807 -798.000000 -186.402152
-1325.567470 -798.000000 -185.643039
-1323.717132 -798.000000 -184.883927
-1321.866795 -798.000000 -184.124814
-1320.016458 -798.000000 -183.365701
-1318.166121 -798.000000 -182.606588
-1316.315783 -798.000000 -181.847476
-1314.465446 -798.000000 -181.088363
-1312.615109 -798.000000 -180.329250
-1310.764772 -798.000000 -179.570138
-1308.914434 -798.000000 -178.811025
-1307.064097 -798.000000 -178.051912
-1305.213760 -798.000000 -177.292799
-1303.363423 -798.000000 -176.533687
-1301.513086 -798.000000 -175.774574
-1393.953615 -798.000000 -207.955305
-1391.957670 -798.000000 -207.828022
-1389.961724 -798.000000 -207.700739
-1387.965779 -798.000000 -207.573456
-1385.969833 -798.000000 -207.446173
-1383.973887 -798.000000 -207.318890
-1381.977942 -798.000000 -207.191606
-1379.981996 -798.000000 -207.064323
-1445.387519 -1001.000021 -234.799982
-1444.900289 -999.077018 -234.545684
-1444.413060 -997.154015 -234.291387
-1443.925831 -995.231012 -234.037089
-1443.438602 -993.308009 -233.782792
-1442.951372 -991.385006 -233.528494
-1442.464143 -989.462003 -233.274197
-1441.976914 -987.539000 -233.019899
-1441.489684 -985.615997 -232.765602
-1441.002455 -983.692994 -232.511304
-1440.515226 -981.769991 -232.257007
-1440.027997 -979.846988 -232.002710
-1439.540767 -977.923985 -231.748412
-1439.053538 -976.000982 -231.494115
-1438.566309 -974.077979 -231.239817
-1438.079080 -972.154976 -230.985520
-1437.591850 -970.231973 -230.731222
-1437.104621 -968.308970 -230.476925
-1436.617392 -966.385967 -230.222627
-1436.130163 -964.462964 -229.968330
-1435.642933 -962.539961 -229.714032
-1435.155704 -960.616958 -229.459735
-1434.668475 -958.693955 -229.205437
-1434.181246 -956.770952 -228.951140
-1433.694016 -954.847949 -228.696842
-1433.206787 -952.924946 -228.442545
-1432.719558 -951.001943 -228.188247
-1432.232329 -949.078941 -227.933950
-1431.745099 -947.155938 -227.679652
-1431.257870 -945.232935 -227.425355
-1430.770641 -943.309932 -227.171058
-1430.283412 -941.386929 -226.916760
-1429.796182 -939.463926 -226.662463
-1429.308953 -937.540923 -226.408165
-1428.821724 -935.617920 -226.153868
-1428.334495 -933.694917 -225.899570
-1427.847265 -931.771914 -225.645273
-1427.360036 -929.848911 -225.390975
-1426.872807 -927.925908 -225.136678
-1426.385578 -926.002905 -224.882380
-1425.898348 -924.079902 -224.628083
-1425.411119 -922.156899 -224.373785
-1424.923890 -920.233896 -224.119488
-1424.436661 -918.310893 -223.865190
-1423.949431 -916.387890 -223.610893
-1423.462202 -914.464887 -223.356595
-1422.974973 -912.541884 -223.102298
-1422.487744 -910.618881 -222.848000
-1422.000514 -908.695878 -222.593703
-1421.513285 -906.772875 -222.339406
-1421.026056 -904.849872 -222.085108
-1420.538827 -902.926869 -221.830811
-1420.051597 -901.003866 -221.576513
-1419.564368 -899.080863 -221.322216
-1419.077139 -897.157860 -221.067918
-1418.589910 -895.234857 -220.813621
-1418.102680 -893.311854 -220.559323
-1417.615451 -891.388851 -220.305026
-1417.128222 -889.465848 -220.050728
-1416.640993 -887.542845 -219.796431
-1416.153763 -885.619842 -219.542133
-1415.666534 -883.696839 -219.287836
-1415.179305 -881.773836 -219.033538
-1414.692076 -879.850833 -218.779241
-1414.204846 -877.927830 -218.524943
-1413.717617 -876.004827 -218.270646
-1413.230388 -874.081824 -218.016348
-1412.743159 -872.158821 -217.762051
-1412.255929 -870.235818 -217.507754
-1411.768700 -868.312815 -217.253456
-1411.281471 -866.389813 -216.999159
-1410.794241 -864.466810 -216.744861
-1410.307012 -862.543807 -216.490564
-1409.819783 -860.620804 -216.236266
-1409.332554 -858.697801 -215.981969
-1408.845324 -856.774798 -215.727671
-1408.358095 -854.851795 -215.473374
-1407.870866 -852.928792 -215.219076
-1407.383637 -851.005789 -214.964779
-1406.896407 -849.082786 -214.710481
-1406.409178 -847.159783 -214.456184
-1405.921949 -845.236780 -214.201886
-1405.434720 -843.313777 -213.947589
-1404.947490 -841.390774 -213.693291
-1404.460261 -839.467771 -213.438994
-1403.973032 -837.544768 -213.184696
-1403.485803 -835.621765 -212.930399
-1402.998573 -833.698762 -212.676101
-1402.511344 -831.775759 -212.421804
-1402.024115 -829.852756 -212.167507
-1401.536886 -827.929753 -211.913209
-1401.049656 -826.006750 -211.658912
-1400.562427 -824.083747 -211.404614
-1400.075198 -822.160744 -211.150317
-1399.587969 -820.237741 -210.896019
-1399.100739 -818.314738 -210.641722
-1398.613510 -816.391735 -210.387424
-1398.126281 -814.468732 -210.133127
-1397.639052 -812.545729 -209.878829
-1397.151822 -810.622726 -209.624532
-1396.664593 -808.699723 -209.370234
-1396.177364 -806.776720 -209.115937
-1395.690135 -804.853717 -208.861639
-1395.202905 -802.930714 -208.607342
-1394.715676 -801.007711 -208.353044
-1193.052648 -1002.000000 -220.500039
-1195.049428 -1001.992087 -220.613197
-1197.046209 -1001.984174 -220.726356
-1199.042989 -1001.976261 -220.839514
-1201.039770 -1001.968348 -220.952673
-1203.036550 -1001.960435 -221.065831
-1205.033331 -1001.952522 -221.178990
-1207.030112 -1001.944609 -221.292148
-1209.026892 -1001.936696 -221.405307
-1211.023673 -1001.928783 -221.518466
-1213.020453 -1001.920869 -221.631624
-1215.017234 -1001.912956 -221.744783
-1217.014014 -1001.905043 -221.857941
-1219.010795 -1001.897130 -221.971100
-1221.007575 -1001.889217 -222.084258
-1223.004356 -1001.881304 -222.197417
-1225.001136 -1001.873391 -222.310575
-1226.997917 -1001.865478 -222.423734
-1228.994698 -1001.857565 -222.536893
-1230.991478 -1001.849652 -222.650051
-1232.988259 -1001.841739 -222.763210
-1234.985039 -1001.833826 -222.876368
-1236.981820 -1001.825913 -222.989527
-1238.978600 -1001.818000 -223.102685
-1240.975381 -1001.810087 -223.215844
-1242.972161 -1001.802174 -223.329002
-1244.968942 -1001.794261 -223.442161
-1246.965722 -1001.786348 -223.555319
-1248.962503 -1001.778435 -223.668478
-1250.959283 -1001.770522 -223.781637
-1252.956064 -1001.762608 -223.894795
-1254.952845 -1001.754695 -224.007954
-1256.949625 -1001.746782 -224.121112
-1258.946406 -1001.738869 -224.234271
-1260.943186 -1001.730956 -224.347429
-1262.939967 -1001.723043 -224.460588
-1264.936747 -1001.715130 -224.573746
-1266.933528 -1001.707217 -224.686905
-1268.930308 -1001.699304 -224.800064
-1270.927089 -1001.691391 -224.913222
-1272.923869 -1001.683478 -225.026381
-1274.920650 -1001.675565 -225.139539
-1276.917430 -1001.667652 -225.252698
-1278.914211 -1001.659739 -225.365856
-1280.910992 -1001.651826 -225.479015
-1282.907772 -1001.643913 -225.592173
-1284.904553 -1001.636000 -225.705332
-1286.901333 -1001.628087 -225.818490
-1288.898114 -1001.620174 -225.931649
-1290.894894 -1001.612260 -226.044808
-1292.891675 -1001.604347 -226.157966
-1294.888455 -1001.596434 -226.271125
-1296.885236 -1001.588521 -226.384283
-1298.882016 -1001.580608 -226.497442
-1300.878797 -1001.572695 -226.610600
-1302.875578 -1001.564782 -226.723759
-1304.872358 -1001.556869 -226.836917
-1306.869139 -1001.548956 -226.950076
-1308.865919 -1001.541043 -227.063235
-1310.862700 -1001.533130 -227.176393
-1312.859480 -1001.525217 -227.289552
-1314.856261 -1001.517304 -227.402710
-1316.853041 -1001.509391 -227.515869
-1318.849822 -1001.501478 -227.629027
-1320.846602 -1001.493565 -227.742186
-1322.843383 -1001.485652 -227.855344
-1324.840163 -1001.477739 -227.968503
-1326.836944 -1001.469826 -228.081661
-1328.833725 -1001.461912 -228.194820
-1330.830505 -1001.453999 -228.307979
-1332.827286 -1001.446086 -228.421137
-1334.824066 -1001.438173 -228.534296
-1336.820847 -1001.430260 -228.647454
-1338.817627 -1001.422347 -228.760613
-1340.814408 -1001.414434 -228.873771
-1342.811188 -1001.406521 -228.986930
-1344.807969 -1001.398608 -229.100088
-1346.804749 -1001.390695 -229.213247
-1348.801530 -1001.382782 -229.326406
-1350.798310 -1001.374869 -229.439564
-1352.795091 -1001.366956 -229.552723
-1354.791872 -1001.359043 -229.665881
-1356.788652 -1001.351130 -229.779040
-1358.785433 -1001.343217 -229.892198
-1360.782213 -1001.335304 -230.005357
-1362.778994 -1001.327391 -230.118515
-1364.775774 -1001.319478 -230.231674
-1366.772555 -1001.311565 -230.344832
-1368.769335 -1001.303651 -230.457991
-1370.766116 -1001.295738 -230.571150
-1372.762896 -1001.287825 -230.684308
-1374.759677 -1001.279912 -230.797467
-1376.756458 -1001.271999 -230.910625
-1378.753238 -1001.264086 -231.023784
-1380.750019 -1001.256173 -231.136942
-1382.746799 -1001.248260 -231.250101
-1384.743580 -1001.240347 -231.363259
-1386.740360 -1001.232434 -231.476418
-1388.737141 -1001.224521 -231.589577
-1390.733921 -1001.216608 -231.702735
-1392.730702 -1001.208695 -231.815894
-1394.727482 -1001.200782 -231.929052
-1396.724263 -1001.192869 -232.042211
-1398.721043 -1001.184956 -232.155369
-1400.717824 -1001.177043 -232.268528
-1402.714605 -1001.169130 -232.381686
-1404.711385 -1001.161217 -232.494845
-1406.708166 -1001.153303 -232.608004
-1408.704946 -1001.145390 -232.721162
-1410.701727 -1001.137477 -232.834321
-1412.698507 -1001.129564 -232.947479
-1414.695288 -1001.121651 -233.060638
-1416.692068 -1001.113738 -233.173796
-1418.688849 -1001.105825 -233.286955
-1420.685629 -1001.097912 -233.400113
-1422.682410 -1001.089999 -233.513272
-1424.679190 -1001.082086 -233.626430
-1426.675971 -1001.074173 -233.739589
-1428.672752 -1001.066260 -233.852748
-1430.669532 -1001.058347 -233.965906
-1432.666313 -1001.050434 -234.079065
-1434.663093 -1001.042521 -234.192223
-1436.659874 -1001.034608 -234.305382
-1438.656654 -1001.026695 -234.418540
-1440.653435 -1001.018782 -234.531699
-1442.650215 -1001.010869 -234.644857
-1107.712520 -1002.000000 -238.662468
-1109.667645 -1002.000000 -238.241173
-1111.622769 -1002.000000 -237.819879
-1113.577893 -1002.000000 -237.398584
-1115.533017 -1002.000000 -236.977289
-1117.488142 -1002.000000 -236.555994
-1119.443266 -1002.000000 -236.134700
-1121.398390 -1002.000000 -235.713405
-1123.353514 -1002.000000 -235.292110
-1125.308639 -1002.000000 -234.870816
-1127.263763 -1002.000000 -234.449521
-1129.218887 -1002.000000 -234.028226
-1131.174011 -1002.000000 -233.606932
-1133.129135 -1002.000000 -233.185637
-1135.084260 -1002.000000 -232.764342
-1137.039384 -1002.000000 -232.343047
-1138.994508 -1002.000000 -231.921753
-1140.949632 -1002.000000 -231.500458
-1142.904757 -1002.000000 -231.079163
-1144.859881 -1002.000000 -230.657869
-1146.815005 -1002.000000 -230.236574
-1148.770129 -1002.000000 -229.815279
-1150.725254 -1002.000000 -229.393984
-1152.680378 -1002.000000 -228.972690
-1154.635502 -1002.000000 -228.551395
-1156.590626 -1002.000000 -228.130100
-1158.545751 -1002.000000 -227.708806
-1160.500875 -1002.000000 -227.287511
-1162.455999 -1002.000000 -226.866216
-1164.411123 -1002.000000 -226.444922
-1166.366247 -1002.000000 -226.023627
-1168.321372 -1002.000000 -225.602332
-1170.276496 -1002.000000 -225.181037
-1172.231620 -1002.000000 -224.759743
-1174.186744 -1002.000000 -224.338448
-1176.141869 -1002.000000 -223.917153
-1178.096993 -1002.000000 -223.495859
-1180.052117 -1002.000000 -223.074564
-1182.007241 -1002.000000 -222.653269
-1183.962366 -1002.000000 -222.231975
-1185.917490 -1002.000000 -221.810680
-1187.872614 -1002.000000 -221.389385
-1189.827738 -1002.000000 -220.968090
-1113.427166 -804.799995 -251.996642
-1113.369365 -806.794605 -251.861772
-1113.311563 -808.789215 -251.726901
-1113.253761 -810.783825 -251.592031
-1113.195960 -812.778435 -251.457160
-1113.138158 -814.773045 -251.322290
-1113.080356 -816.767655 -251.187419
-1113.022555 -818.762265 -251.052548
-1112.964753 -820.756875 -250.917678
-1112.906951 -822.751485 -250.782807
-1112.849150 -824.746095 -250.647937
-1112.791348 -826.740705 -250.513066
-1112.733546 -828.735315 -250.378196
-1112.675745 -830.729925 -250.243325
-1112.617943 -832.724535 -250.108454
-1112.560141 -834.719145 -249.973584
-1112.502340 -836.713755 -249.838713
-1112.444538 -838.708365 -249.703843
-1112.386736 -840.702974 -249.568972
-1112.328935 -842.697584 -249.434102
-1112.271133 -844.692194 -249.299231
-1112.213331 -846.686804 -249.164360
-1112.155530 -848.681414 -249.029490
-1112.097728 -850.676024 -248.894619
-1112.039926 -852.670634 -248.759749
-1111.982125 -854.665244 -248.624878
-1111.924323 -856.659854 -248.490008
-1111.866521 -858.654464 -248.355137
-1111.808720 -860.649074 -248.220266
-1111.750918 -862.643684 -248.085396
-1111.693116 -864.638294 -247.950525
-1111.635315 -866.632904 -247.815655
-1111.577513 -868.627514 -247.680784
-1111.519711 -870.622124 -247.545914
-1111.461910 -872.616734 -247.411043
-1111.404108 -874.611344 -247.276172
-1111.346306 -876.605954 -247.141302
-1111.288505 -878.600564 -247.006431
-1111.230703 -880.595174 -246.871561
-1111.172901 -882.589784 -246.736690
-1111.115100 -884.584394 -246.601820
-1111.057298 -886.579004 -246.466949
-1110.999496 -888.573614 -246.332078
-1110.941695 -890.568223 -246.197208
-1110.883893 -892.562833 -246.062337
-1110.826091 -894.557443 -245.927467
-1110.768290 -896.552053 -245.792596
-1110.710488 -898.546663 -245.657726
-1110.652686 -900.541273 -245.522855
-1110.594885 -902.535883 -245.387984
-1110.537083 -904.530493 -245.253114
-1110.479281 -906.525103 -245.118243
-1110.421479 -908.519713 -244.983373
-1110.363678 -910.514323 -244.848502
-1110.305876 -912.508933 -244.713632
-1110.248074 -914.503543 -244.578761
-1110.190273 -916.498153 -244.443890
-1110.132471 -918.492763 -244.309020
-1110.074669 -920.487373 -244.174149
-1110.016868 -922.481983 -244.039279
-1109.959066 -924.476593 -243.904408
-1109.901264 -926.471203 -243.769538
-1109.843463 -928.465813 -243.634667
-1109.785661 -930.460423 -243.499796
-1109.727859 -932.455033 -243.364926
-1109.670058 -934.449643 -243.230055
-1109.612256 -936.444253 -243.095185
-1109.554454 -938.438863 -242.960314
-1109.496653 -940.433473 -242.825444
-1109.438851 -942.428082 -242.690573
-1109.381049 -944.422692 -242.555702
-1109.323248 -946.417302 -242.420832
-1109.265446 -948.411912 -242.285961
-1109.207644 -950.406522 -242.151091
-1109.149843 -952.401132 -242.016220
-1109.092041 -954.395742 -241.881350
-1109.034239 -956.390352 -241.746479
-1108.976438 -958.384962 -241.611608
-1108.918636 -960.379572 -241.476738
-1108.860834 -962.374182 -241.341867
-1108.803033 -964.368792 -241.206997
-1108.745231 -966.363402 -241.072126
-1108.687429 -968.358012 -240.937256
-1108.629628 -970.352622 -240.802385
-1108.571826 -972.347232 -240.667514
-1108.514024 -974.341842 -240.532644
-1108.456223 -976.336452 -240.397773
-1108.398421 -978.331062 -240.262903
-1108.340619 -980.325672 -240.128032
-1108.282818 -982.320282 -239.993162
-1108.225016 -984.314892 -239.858291
-1108.167214 -986.309502 -239.723420
-1108.109413 -988.304112 -239.588550
-1108.051611 -990.298722 -239.453679
-1107.993809 -992.293331 -239.318809
-1107.936008 -994.287941 -239.183938
-1107.878206 -996.282551 -239.049068
-1107.820404 -998.277161 -238.914197
-1119.714318 -959.999992 -266.666664
-1119.633723 -958.010485 -266.478609
-1119.553128 -956.020977 -266.290554
-1119.472533 -954.031470 -266.102500
-1119.391938 -952.041962 -265.914445
-1119.311344 -950.052455 -265.726390
-1119.230749 -948.062947 -265.538335
-1119.150154 -946.073440 -265.350280
-1119.069559 -944.083933 -265.162225
-1118.988964 -942.094425 -264.974170
-1118.908369 -940.104918 -264.786115
-1118.827774 -938.115410 -264.598060
-1118.747179 -936.125903 -264.410006
-1118.666584 -934.136395 -264.221951
-1118.585989 -932.146888 -264.033896
-1118.505394 -930.157381 -263.845841
-1118.424799 -928.167873 -263.657786
-1118.344204 -926.178366 -263.469731
-1118.263609 -924.188858 -263.281676
-1118.183014 -922.199351 -263.093621
-1118.102419 -920.209843 -262.905566
-1118.021824 -918.220336 -262.717512
-1117.941229 -916.230828 -262.529457
-1117.860635 -914.241321 -262.341402
-1117.780040 -912.251814 -262.153347
-1117.699445 -910.262306 -261.965292
-1117.618850 -908.272799 -261.777237
-1117.538255 -906.283291 -261.589182
-1117.457660 -904.293784 -261.401127
-1117.377065 -902.304276 -261.213073
-1117.296470 -900.314769 -261.025018
-1117.215875 -898.325262 -260.836963
-1117.135280 -896.335754 -260.648908
-1117.054685 -894.346247 -260.460853
-1116.974090 -892.356739 -260.272798
-1116.893495 -890.367232 -260.084743
-1116.812900 -888.377724 -259.896688
-1116.732305 -886.388217 -259.708633
-1116.651710 -884.398710 -259.520579
-1116.571115 -882.409202 -259.332524
-1116.490520 -880.419695 -259.144469
-1116.409925 -878.430187 -258.956414
-1116.329331 -876.440680 -258.768359
-1116.248736 -874.451172 -258.580304
-1116.168141 -872.461665 -258.392249
-1116.087546 -870.472158 -258.204194
-1116.006951 -868.482650 -258.016140
-1115.926356 -866.493143 -257.828085
-1115.845761 -864.503635 -257.640030
-1115.765166 -862.514128 -257.451975
-1115.684571 -860.524620 -257.263920
-1115.603976 -858.535113 -257.075865
-1115.523381 -856.545606 -256.887810
-1115.442786 -854.556098 -256.699755
-1115.362191 -852.566591 -256.511700
-1115.281596 -850.577083 -256.323646
-1115.201001 -848.587576 -256.135591
-1115.120406 -846.598068 -255.947536
-1115.039811 -844.608561 -255.759481
-1114.959216 -842.619054 -255.571426
-1114.878621 -840.629546 -255.383371
-1114.798027 -838.640039 -255.195316
-1114.717432 -836.650531 -255.007261
-1114.636837 -834.661024 -254.819207
-1114.556242 -832.671516 -254.631152
-1114.475647 -830.682009 -254.443097
-1114.395052 -828.692502 -254.255042
-1114.314457 -826.702994 -254.066987
-1114.233862 -824.713487 -253.878932
-1114.153267 -822.723979 -253.690877
-1114.072672 -820.734472 -253.502822
-1113.992077 -818.744964 -253.314767
-1113.911482 -816.755457 -253.126713
-1113.830887 -814.765950 -252.938658
-1113.750292 -812.776442 -252.750603
-1113.669697 -810.786935 -252.562548
-1113.589102 -808.797427 -252.374493
-1113.508507 -806.807920 -252.186438
-1087.279470 -970.616557 -257.794498
-1089.119091 -970.014413 -258.297705
-1090.958712 -969.412269 -258.800911
-1092.798333 -968.810124 -259.304118
-1094.637954 -968.207980 -259.807324
-1096.477575 -967.605836 -260.310530
-1098.317196 -967.003692 -260.813737
-1100.156817 -966.401547 -261.316943
-1101.996438 -965.799403 -261.820150
-1103.836059 -965.197259 -262.323356
-1105.675680 -964.595115 -262.826562
-1107.515301 -963.992971 -263.329769
-1109.354922 -963.390826 -263.832975
-1111.194543 -962.788682 -264.336181
-1113.034164 -962.186538 -264.839388
-1114.873786 -961.584394 -265.342594
-1116.713407 -960.982249 -265.845801
-1080.666838 -572.000000 -256.042802
-1080.700011 -573.999706 -256.051590
-1080.733184 -575.999411 -256.060377
-1080.766357 -577.999117 -256.069165
-1080.799530 -579.998822 -256.077952
-1080.832703 -581.998528 -256.086740
-1080.865876 -583.998233 -256.095528
-1080.899049 -585.997939 -256.104315
-1080.932222 -587.997644 -256.113103
-1080.965395 -589.997350 -256.121890
-1080.998568 -591.997056 -256.130678
-1081.031741 -593.996761 -256.139466
-1081.064914 -595.996467 -256.148253
-1081.098087 -597.996172 -256.157041
-1081.131260 -599.995878 -256.165828
-1081.164433 -601.995583 -256.174616
-1081.197606 -603.995289 -256.183403
-1081.230779 -605.994995 -256.192191
-1081.263952 -607.994700 -256.200979
-1081.297125 -609.994406 -256.209766
-1081.330298 -611.994111 -256.218554
-1081.363471 -613.993817 -256.227341
-1081.396644 -615.993522 -256.236129
-1081.429817 -617.993228 -256.244917
-1081.462990 -619.992933 -256.253704
-1081.496163 -621.992639 -256.262492
-1081.529336 -623.992345 -256.271279
-1081.562509 -625.992050 -256.280067
-1081.595682 -627.991756 -256.288855
-1081.628855 -629.991461 -256.297642
-1081.662028 -631.991167 -256.306430
-1081.695201 -633.990872 -256.315217
-1081.728374 -635.990578 -256.324005
-1081.761548 -637.990283 -256.332792
-1081.794721 -639.989989 -256.341580
-1081.827894 -641.989695 -256.350368
-1081.861067 -643.989400 -256.359155
-1081.894240 -645.989106 -256.367943
-1081.927413 -647.988811 -256.376730
-1081.960586 -649.988517 -256.385518
-1081.993759 -651.988222 -256.394306
-1082.026932 -653.987928 -256.403093
-1082.060105 -655.987634 -256.411881
-1082.093278 -657.987339 -256.420668
-1082.126451 -659.987045 -256.429456
-1082.159624 -661.986750 -256.438243
-1082.192797 -663.986456 -256.447031
-1082.225970 -665.986161 -256.455819
-1082.259143 -667.985867 -256.464606
-1082.292316 -669.985572 -256.473394
-1082.325489 -671.985278 -256.482181
-1082.358662 -673.984984 -256.490969
-1082.391835 -675.984689 -256.499757
-1082.425008 -677.984395 -256.508544
-1082.458181 -679.984100 -256.517332
-1082.491354 -681.983806 -256.526119
-1082.524527 -683.983511 -256.534907
-1082.557700 -685.983217 -256.543694
-1082.590873 -687.982923 -256.552482
-1082.624046 -689.982628 -256.561270
-1082.657219 -691.982334 -256.570057
-1082.690392 -693.982039 -256.578845
-1082.723565 -695.981745 -256.587632
-1082.756738 -697.981450 -256.596420
-1082.789911 -699.981156 -256.605208
-1082.823084 -701.980861 -256.613995
-1082.856257 -703.980567 -256.622783
-1082.889430 -705.980273 -256.631570
-1082.922603 -707.979978 -256.640358
-1082.955776 -709.979684 -256.649145
-1082.988949 -711.979389 -256.657933
-1083.022122 -713.979095 -256.666721
-1083.055295 -715.978800 -256.675508
-1083.088468 -717.978506 -256.684296
-1083.121641 -719.978211 -256.693083
-1083.154815 -721.977917 -256.701871
-1083.187988 -723.977623 -256.710659
-1083.221161 -725.977328 -256.719446
-1083.254334 -727.977034 -256.728234
-1083.287507 -729.976739 -256.737021
-1083.320680 -731.976445 -256.745809
-1083.353853 -733.976150 -256.754597
-1083.387026 -735.975856 -256.763384
-1083.420199 -737.975562 -256.772172
-1083.453372 -739.975267 -256.780959
-1083.486545 -741.974973 -256.789747
-1083.519718 -743.974678 -256.798534
-1083.552891 -745.974384 -256.807322
-1083.586064 -747.974089 -256.816110
-1083.619237 -749.973795 -256.824897
-1083.652410 -751.973500 -256.833685
-1083.685583 -753.973206 -256.842472
-1083.718756 -755.972912 -256.851260
-1083.751929 -757.972617 -256.860048
-1083.785102 -759.972323 -256.868835
-1083.818275 -761.972028 -256.877623
-1083.851448 -763.971734 -256.886410
-1083.884621 -765.971439 -256.895198
-1083.917794 -767.971145 -256.903985
-1083.950967 -769.970850 -256.912773
-1083.984140 -771.970556 -256.921561
-1084.017313 -773.970262 -256.930348
-1084.050486 -775.969967 -256.939136
-1084.083659 -777.969673 -256.947923
-1084.116832 -779.969378 -256.956711
-1084.150005 -781.969084 -256.965499
-1084.183178 -783.968789 -256.974286
-1084.216351 -785.968495 -256.983074
-1084.249524 -787.968201 -256.991861
-1084.282697 -789.967906 -257.000649
-1084.315870 -791.967612 -257.009436
-1084.349043 -793.967317 -257.018224
-1084.382216 -795.967023 -257.027012
-1084.415389 -797.966728 -257.035799
-1084.448562 -799.966434 -257.044587
-1084.481735 -801.966139 -257.053374
-1084.514908 -803.965845 -257.062162
-1084.548082 -805.965551 -257.070950
-1084.581255 -807.965256 -257.079737
-1084.614428 -809.964962 -257.088525
-1084.647601 -811.964667 -257.097312
-1084.680774 -813.964373 -257.106100
-1084.713947 -815.964078 -257.114888
-1084.747120 -817.963784 -257.123675
-1084.780293 -819.963490 -257.132463
-1084.813466 -821.963195 -257.141250
-1084.846639 -823.962901 -257.150038
-1084.879812 -825.962606 -257.158825
-1084.912985 -827.962312 -257.167613
-1084.946158 -829.962017 -257.176401
-1084.979331 -831.961723 -257.185188
-1085.012504 -833.961428 -257.193976
-1085.045677 -835.961134 -257.202763
-1085.078850 -837.960840 -257.211551
-1085.112023 -839.960545 -257.220339
-1085.145196 -841.960251 -257.229126
-1085.178369 -843.959956 -257.237914
-1085.211542 -845.959662 -257.246701
-1085.244715 -847.959367 -257.255489
-1085.277888 -849.959073 -257.264276
-1085.311061 -851.958778 -257.273064
-1085.344234 -853.958484 -257.281852
-1085.377407 -855.958190 -257.290639
-1085.410580 -857.957895 -257.299427
-1085.443753 -859.957601 -257.308214
-1085.476926 -861.957306 -257.317002
-1085.510099 -863.957012 -257.325790
-1085.543272 -865.956717 -257.334577
-1085.576445 -867.956423 -257.343365
-1085.609618 -869.956129 -257.352152
-1085.642791 -871.955834 -257.360940
-1085.675964 -873.955540 -257.369727
-1085.709137 -875.955245 -257.378515
-1085.742310 -877.954951 -257.387303
-1085.775483 -879.954656 -257.396090
-1085.808656 -881.954362 -257.404878
-1085.841829 -883.954067 -257.413665
-1085.875002 -885.953773 -257.422453
-1085.908176 -887.953479 -257.431241
-1085.941349 -889.953184 -257.440028
-1085.974522 -891.952890 -257.448816
-1086.007695 -893.952595 -257.457603
-1086.040868 -895.952301 -257.466391
-1086.074041 -897.952006 -257.475178
-1086.107214 -899.951712 -257.483966
-1086.140387 -901.951417 -257.492754
-1086.173560 -903.951123 -257.501541
-1086.206733 -905.950829 -257.510329
-1086.239906 -907.950534 -257.519116
-1086.273079 -909.950240 -257.527904
-1086.306252 -911.949945 -257.536692
-1086.339425 -913.949651 -257.545479
-1086.372598 -915.949356 -257.554267
-1086.405771 -917.949062 -257.563054
-1086.438944 -919.948768 -257.571842
-1086.472117 -921.948473 -257.580630
-1086.505290 -923.948179 -257.589417
-1086.538463 -925.947884 -257.598205
-1086.571636 -927.947590 -257.606992
-1086.604809 -929.947295 -257.615780
-1086.637982 -931.947001 -257.624567
-1086.671155 -933.946706 -257.633355
-1086.704328 -935.946412 -257.642143
-1086.737501 -937.946118 -257.650930
-1086.770674 -939.945823 -257.659718
-1086.803847 -941.945529 -257.668505
-1086.837020 -943.945234 -257.677293
-1086.870193 -945.944940 -257.686081
-1086.903366 -947.944645 -257.694868
-1086.936539 -949.944351 -257.703656
-1086.969712 -951.944057 -257.712443
-1087.002885 -953.943762 -257.721231
-1087.036058 -955.943468 -257.730018
-1087.069231 -957.943173 -257.738806
-1087.102404 -959.942879 -257.747594
-1087.135577 -961.942584 -257.756381
-1087.168750 -963.942290 -257.765169
-1087.201923 -965.941995 -257.773956
-1087.235096 -967.941701 -257.782744
-1042.428597 -566.000000 -272.999996
-1044.238364 -566.283972 -272.197434
-1046.048130 -566.567944 -271.394872
-1047.857896 -566.851917 -270.592310
-1049.667662 -567.135889 -269.789748
-1051.477429 -567.419861 -268.987186
-1053.287195 -567.703833 -268.184624
-1055.096961 -567.987805 -267.382062
-1056.906728 -568.271778 -266.579500
-1058.716494 -568.555750 -265.776938
-1060.526260 -568.839722 -264.974376
-1062.336027 -569.123694 -264.171814
-1064.145793 -569.407667 -263.369252
-1065.955559 -569.691639 -262.566690
-1067.765325 -569.975611 -261.764128
-1069.575092 -570.259583 -260.961566
-1071.384858 -570.543555 -260.159004
-1073.194624 -570.827528 -259.356442
-1075.004391 -571.111500 -258.553880
-1076.814157 -571.395472 -257.751318
-1078.623923 -571.679444 -256.948756
-1011.948855 -572.000000 -263.649757
-1013.827922 -571.630102 -264.226196
-1015.706989 -571.260204 -264.802636
-1017.586056 -570.890305 -265.379075
-1019.465123 -570.520407 -265.955515
-1021.344190 -570.150509 -266.531954
-1023.223257 -569.780611 -267.108394
-1025.102324 -569.410713 -267.684833
-1026.981391 -569.040814 -268.261273
-1028.860458 -568.670916 -268.837712
-1030.739525 -568.301018 -269.414152
-1032.618592 -567.931120 -269.990591
-1034.497659 -567.561221 -270.567031
-1036.376726 -567.191323 -271.143470
-1038.255793 -566.821425 -271.719910
-1040.134861 -566.451527 -272.296349
-1010.625702 -953.375631 -263.541474
-1010.632641 -951.375643 -263.542042
-1010.639580 -949.375655 -263.542609
-1010.646519 -947.375667 -263.543177
-1010.653458 -945.375679 -263.543745
-1010.660396 -943.375691 -263.544313
-1010.667335 -941.375704 -263.544881
-1010.674274 -939.375716 -263.545449
-1010.681213 -937.375728 -263.546017
-1010.688152 -935.375740 -263.546584
-1010.695090 -933.375752 -263.547152
-1010.702029 -931.375764 -263.547720
-1010.708968 -929.375776 -263.548288
-1010.715907 -927.375788 -263.548856
-1010.722846 -925.375800 -263.549424
-1010.729784 -923.375813 -263.549991
-1010.736723 -921.375825 -263.550559
-1010.743662 -919.375837 -263.551127
-1010.750601 -917.375849 -263.551695
-1010.757540 -915.375861 -263.552263
-1010.764478 -913.375873 -263.552831
-1010.771417 -911.375885 -263.553399
-1010.778356 -909.375897 -263.553966
-1010.785295 -907.375909 -263.554534
-1010.792234 -905.375922 -263.555102
-1010.799172 -903.375934 -263.555670
-1010.806111 -901.375946 -263.556238
-1010.813050 -899.375958 -263.556806
-1010.819989 -897.375970 -263.557374
-1010.826928 -895.375982 -263.557941
-1010.833866 -893.375994 -263.558509
-1010.840805 -891.376006 -263.559077
-1010.847744 -889.376019 -263.559645
-1010.854683 -887.376031 -263.560213
-1010.861622 -885.376043 -263.560781
-1010.868560 -883.376055 -263.561349
-1010.875499 -881.376067 -263.561916
-1010.882438 -879.376079 -263.562484
-1010.889377 -877.376091 -263.563052
-1010.896316 -875.376103 -263.563620
-1010.903254 -873.376115 -263.564188
-1010.910193 -871.376128 -263.564756
-1010.917132 -869.376140 -263.565324
-1010.924071 -867.376152 -263.565891
-1010.931010 -865.376164 -263.566459
-1010.937948 -863.376176 -263.567027
-1010.944887 -861.376188 -263.567595
-1010.951826 -859.376200 -263.568163
-1010.958765 -857.376212 -263.568731
-1010.965704 -855.376225 -263.569298
-1010.972642 -853.376237 -263.569866
-1010.979581 -851.376249 -263.570434
-1010.986520 -849.376261 -263.571002
-1010.993459 -847.376273 -263.571570
-1011.000398 -845.376285 -263.572138
-1011.007336 -843.376297 -263.572706
-1011.014275 -841.376309 -263.573273
-1011.021214 -839.376321 -263.573841
-1011.028153 -837.376334 -263.574409
-1011.035092 -835.376346 -263.574977
-1011.042031 -833.376358 -263.575545
-1011.048969 -831.376370 -263.576113
-1011.055908 -829.376382 -263.576681
-1011.062847 -827.376394 -263.577248
-1011.069786 -825.376406 -263.577816
-1011.076725 -823.376418 -263.578384
-1011.083663 -821.376431 -263.578952
-1011.090602 -819.376443 -263.579520
-1011.097541 -817.376455 -263.580088
-1011.104480 -815.376467 -263.580656
-1011.111419 -813.376479 -263.581223
-1011.118357 -811.376491 -263.581791
-1011.125296 -809.376503 -263.582359
-1011.132235 -807.376515 -263.582927
-1011.139174 -805.376527 -263.583495
-1011.146113 -803.376540 -263.584063
-1011.153051 -801.376552 -263.584631
-1011.159990 -799.376564 -263.585198
-1011.166929 -797.376576 -263.585766
-1011.173868 -795.376588 -263.586334
-1011.180807 -793.376600 -263.586902
-1011.187745 -791.376612 -263.587470
-1011.194684 -789.376624 -263.588038
-1011.201623 -787.376637 -263.588605
-1011.208562 -785.376649 -263.589173
-1011.215501 -783.376661 -263.589741
-1011.222439 -781.376673 -263.590309
-1011.229378 -779.376685 -263.590877
-1011.236317 -777.376697 -263.591445
-1011.243256 -775.376709 -263.592013
-1011.250195 -773.376721 -263.592580
-1011.257133 -771.376733 -263.593148
-1011.264072 -769.376746 -263.593716
-1011.271011 -767.376758 -263.594284
-1011.277950 -765.376770 -263.594852
-1011.284889 -763.376782 -263.595420
-1011.291827 -761.376794 -263.595988
-1011.298766 -759.376806 -263.596555
-1011.305705 -757.376818 -263.597123
-1011.312644 -755.376830 -263.597691
-1011.319583 -753.376843 -263.598259
-1011.326521 -751.376855 -263.598827
-1011.333460 -749.376867 -263.599395
-1011.340399 -747.376879 -263.599963
-1011.347338 -745.376891 -263.600530
-1011.354277 -743.376903 -263.601098
-1011.361215 -741.376915 -263.601666
-1011.368154 -739.376927 -263.602234
-1011.375093 -737.376939 -263.602802
-1011.382032 -735.376952 -263.603370
-1011.388971 -733.376964 -263.603938
-1011.395909 -731.376976 -263.604505
-1011.402848 -729.376988 -263.605073
-1011.409787 -727.377000 -263.605641
-1011.416726 -725.377012 -263.606209
-1011.423665 -723.377024 -263.606777
-1011.430603 -721.377036 -263.607345
-1011.437542 -719.377049 -263.607913
-1011.444481 -717.377061 -263.608480
-1011.451420 -715.377073 -263.609048
-1011.458359 -713.377085 -263.609616
-1011.465297 -711.377097 -263.610184
-1011.472236 -709.377109 -263.610752
-1011.479175 -707.377121 -263.611320
-1011.486114 -705.377133 -263.611887
-1011.493053 -703.377145 -263.612455
-1011.499991 -701.377158 -263.613023
-1011.506930 -699.377170 -263.613591
-1011.513869 -697.377182 -263.614159
-1011.520808 -695.377194 -263.614727
-1011.527747 -693.377206 -263.615295
-1011.534685 -691.377218 -263.615862
-1011.541624 -689.377230 -263.616430
-1011.548563 -687.377242 -263.616998
-1011.555502 -685.377255 -263.617566
-1011.562441 -683.377267 -263.618134
-1011.569379 -681.377279 -263.618702
-1011.576318 -679.377291 -263.619270
-1011.583257 -677.377303 -263.619837
-1011.590196 -675.377315 -263.620405
-1011.597135 -673.377327 -263.620973
-1011.604073 -671.377339 -263.621541
-1011.611012 -669.377351 -263.622109
-1011.617951 -667.377364 -263.622677
-1011.624890 -665.377376 -263.623245
-1011.631829 -663.377388 -263.623812
-1011.638767 -661.377400 -263.624380
-1011.645706 -659.377412 -263.624948
-1011.652645 -657.377424 -263.625516
-1011.659584 -655.377436 -263.626084
-1011.666523 -653.377448 -263.626652
-1011.673461 -651.377461 -263.627220
-1011.680400 -649.377473 -263.627787
-1011.687339 -647.377485 -263.628355
-1011.694278 -645.377497 -263.628923
-1011.701217 -643.377509 -263.629491
-1011.708155 -641.377521 -263.630059
-1011.715094 -639.377533 -263.630627
-1011.722033 -637.377545 -263.631194
-1011.728972 -635.377557 -263.631762
-1011.735911 -633.377570 -263.632330
-1011.742849 -631.377582 -263.632898
-1011.749788 -629.377594 -263.633466
-1011.756727 -627.377606 -263.634034
-1011.763666 -625.377618 -263.634602
-1011.770605 -623.377630 -263.635169
-1011.777543 -621.377642 -263.635737
-1011.784482 -619.377654 -263.636305
-1011.791421 -617.377667 -263.636873
-1011.798360 -615.377679 -263.637441
-1011.805299 -613.377691 -263.638009
-1011.812237 -611.377703 -263.638577
-1011.819176 -609.377715 -263.639144
-1011.826115 -607.377727 -263.639712
-1011.833054 -605.377739 -263.640280
-1011.839993 -603.377751 -263.640848
-1011.846931 -601.377763 -263.641416
-1011.853870 -599.377776 -263.641984
-1011.860809 -597.377788 -263.642552
-1011.867748 -595.377800 -263.643119
-1011.874687 -593.377812 -263.643687
-1011.881625 -591.377824 -263.644255
-1011.888564 -589.377836 -263.644823
-1011.895503 -587.377848 -263.645391
-1011.902442 -585.377860 -263.645959
-1011.909381 -583.377873 -263.646527
-1011.916319 -581.377885 -263.647094
-1011.923258 -579.377897 -263.647662
-1011.930197 -577.377909 -263.648230
-1011.937136 -575.377921 -263.648798
-1006.367342 -960.816335 -266.122436
-1007.318595 -959.154194 -265.545888
-1008.269848 -957.492054 -264.969340
-1009.221101 -955.829914 -264.392792
-992.000009 -572.000000 -266.666664
-992.073862 -573.998634 -266.663866
-992.147714 -575.997268 -266.661069
-992.221566 -577.995902 -266.658271
-992.295419 -579.994536 -266.655474
-992.369271 -581.993170 -266.652676
-992.443124 -583.991804 -266.649879
-992.516976 -585.990438 -266.647081
-992.590829 -587.989072 -266.644284
-992.664681 -589.987706 -266.641486
-992.738534 -591.986340 -266.638689
-992.812386 -593.984974 -266.635891
-992.886239 -595.983608 -266.633094
-992.960091 -597.982242 -266.630296
-993.033943 -599.980876 -266.627499
-993.107796 -601.979510 -266.624701
-993.181648 -603.978144 -266.621904
-993.255501 -605.976779 -266.619106
-993.329353 -607.975413 -266.616309
-993.403206 -609.974047 -266.613511
-993.477058 -611.972681 -266.610714
-993.550911 -613.971315 -266.607916
-993.624763 -615.969949 -266.605119
-993.698616 -617.968583 -266.602321
-993.772468 -619.967217 -266.599524
-993.846320 -621.965851 -266.596726
-993.920173 -623.964485 -266.593929
-993.994025 -625.963119 -266.591131
-994.067878 -627.961753 -266.588334
-994.141730 -629.960387 -266.585536
-994.215583 -631.959021 -266.582739
-994.289435 -633.957655 -266.579941
-994.363288 -635.956289 -266.577144
-994.437140 -637.954923 -266.574346
-994.510993 -639.953557 -266.571549
-994.584845 -641.952191 -266.568751
-994.658697 -643.950825 -266.565954
-994.732550 -645.949459 -266.563156
-994.806402 -647.948093 -266.560359
-994.880255 -649.946727 -266.557561
-994.954107 -651.945361 -266.554764
-995.027960 -653.943995 -266.551966
-995.101812 -655.942629 -266.549169
-995.175665 -657.941263 -266.546371
-995.249517 -659.939897 -266.543574
-995.323370 -661.938531 -266.540776
-995.397222 -663.937165 -266.537979
-995.471074 -665.935799 -266.535181
-995.544927 -667.934433 -266.532384
-995.618779 -669.933068 -266.529586
-995.692632 -671.931702 -266.526789
-995.766484 -673.930336 -266.523991
-995.840337 -675.928970 -266.521194
-995.914189 -677.927604 -266.518396
-995.988042 -679.926238 -266.515599
-996.061894 -681.924872 -266.512801
-996.135747 -683.923506 -266.510004
-996.209599 -685.922140 -266.507206
-996.283451 -687.920774 -266.504409
-996.357304 -689.919408 -266.501611
-996.431156 -691.918042 -266.498814
-996.505009 -693.916676 -266.496016
-996.578861 -695.915310 -266.493219
-996.652714 -697.913944 -266.490421
-996.726566 -699.912578 -266.487624
-996.800419 -701.911212 -266.484826
-996.874271 -703.909846 -266.482029
-996.948124 -705.908480 -266.479231
-997.021976 -707.907114 -266.476434
-997.095829 -709.905748 -266.473636
-997.169681 -711.904382 -266.470839
-997.243533 -713.903016 -266.468041
-997.317386 -715.901650 -266.465244
-997.391238 -717.900284 -266.462446
-997.465091 -719.898918 -266.459649
-997.538943 -721.897552 -266.456851
-997.612796 -723.896186 -266.454054
-997.686648 -725.894820 -266.451256
-997.760501 -727.893454 -266.448459
-997.834353 -729.892088 -266.445661
-997.908206 -731.890722 -266.442864
-997.982058 -733.889356 -266.440066
-998.055910 -735.887991 -266.437269
-998.129763 -737.886625 -266.434471
-998.203615 -739.885259 -266.431674
-998.277468 -741.883893 -266.428876
-998.351320 -743.882527 -266.426079
-998.425173 -745.881161 -266.423281
-998.499025 -747.879795 -266.420484
-998.572878 -749.878429 -266.417686
-998.646730 -751.877063 -266.414889
-998.720583 -753.875697 -266.412091
-998.794435 -755.874331 -266.409294
-998.868287 -757.872965 -266.406496
-998.942140 -759.871599 -266.403699
-999.015992 -761.870233 -266.400901
-999.089845 -763.868867 -266.398104
-999.163697 -765.867501 -266.395306
-999.237550 -767.866135 -266.392509
-999.311402 -769.864769 -266.389711
-999.385255 -771.863403 -266.386914
-999.459107 -773.862037 -266.384116
-999.532960 -775.860671 -266.381319
-999.606812 -777.859305 -266.378521
-999.680664 -779.857939 -266.375724
-999.754517 -781.856573 -266.372926
-999.828369 -783.855207 -266.370129
-999.902222 -785.853841 -266.367331
-999.976074 -787.852475 -266.364534
-1000.049927 -789.851109 -266.361736
-1000.123779 -791.849743 -266.358939
-1000.197632 -793.848377 -266.356142
-1000.271484 -795.847011 -266.353344
-1000.345337 -797.845645 -266.350547
-1000.419189 -799.844280 -266.347749
-1000.493041 -801.842914 -266.344952
-1000.566894 -803.841548 -266.342154
-1000.640746 -805.840182 -266.339357
-1000.714599 -807.838816 -266.336559
-1000.788451 -809.837450 -266.333762
-1000.862304 -811.836084 -266.330964
-1000.936156 -813.834718 -266.328167
-1001.010009 -815.833352 -266.325369
-1001.083861 -817.831986 -266.322572
-1001.157714 -819.830620 -266.319774
-1001.231566 -821.829254 -266.316977
-1001.305418 -823.827888 -266.314179
-1001.379271 -825.826522 -266.311382
-1001.453123 -827.825156 -266.308584
-1001.526976 -829.823790 -266.305787
-1001.600828 -831.822424 -266.302989
-1001.674681 -833.821058 -266.300192
-1001.748533 -835.819692 -266.297394
-1001.822386 -837.818326 -266.294597
-1001.896238 -839.816960 -266.291799
-1001.970091 -841.815594 -266.289002
-1002.043943 -843.814228 -266.286204
-1002.117796 -845.812862 -266.283407
-1002.191648 -847.811496 -266.280609
-1002.265500 -849.810130 -266.277812
-1002.339353 -851.808764 -266.275014
-1002.413205 -853.807398 -266.272217
-1002.487058 -855.806032 -266.269419
-1002.560910 -857.804666 -266.266622
-1002.634763 -859.803300 -266.263824
-1002.708615 -861.801934 -266.261027
-1002.782468 -863.800568 -266.258229
-1002.856320 -865.799203 -266.255432
-1002.930173 -867.797837 -266.252634
-1003.004025 -869.796471 -266.249837
-1003.077877 -871.795105 -266.247039
-1003.151730 -873.793739 -266.244242
-1003.225582 -875.792373 -266.241444
-1003.299435 -877.791007 -266.238647
-1003.373287 -879.789641 -266.235849
-1003.447140 -881.788275 -266.233052
-1003.520992 -883.786909 -266.230254
-1003.594845 -885.785543 -266.227457
-1003.668697 -887.784177 -266.224659
-1003.742550 -889.782811 -266.221862
-1003.816402 -891.781445 -266.219064
-1003.890254 -893.780079 -266.216267
-1003.964107 -895.778713 -266.213469
-1004.037959 -897.777347 -266.210672
-1004.111812 -899.775981 -266.207874
-1004.185664 -901.774615 -266.205077
-1004.259517 -903.773249 -266.202279
-1004.333369 -905.771883 -266.199482
-1004.407222 -907.770517 -266.196684
-1004.481074 -909.769151 -266.193887
-1004.554927 -911.767785 -266.191089
-1004.628779 -913.766419 -266.188292
-1004.702631 -915.765053 -266.185494
-1004.776484 -917.763687 -266.182697
-1004.850336 -919.762321 -266.179899
-1004.924189 -921.760955 -266.177102
-1004.998041 -923.759589 -266.174304
-1005.071894 -925.758223 -266.171507
-1005.145746 -927.756857 -266.168709
-1005.219599 -929.755491 -266.165912
-1005.293451 -931.754126 -266.163114
-1005.367304 -933.752760 -266.160317
-1005.441156 -935.751394 -266.157519
-1005.515008 -937.750028 -266.154722
-1005.588861 -939.748662 -266.151924
-1005.662713 -941.747296 -266.149127
-1005.736566 -943.745930 -266.146329
-1005.810418 -945.744564 -266.143532
-1005.884271 -947.743198 -266.140734
-1005.958123 -949.741832 -266.137937
-1006.031976 -951.740466 -266.135139
-1006.105828 -953.739100 -266.132342
-1006.179681 -955.737734 -266.129544
-1006.253533 -957.736368 -266.126747
-994.000009 -496.000000 -267.999997
-993.947404 -497.999000 -267.964927
-993.894799 -499.998001 -267.929857
-993.842193 -501.997001 -267.894787
-993.789588 -503.996002 -267.859716
-993.736983 -505.995002 -267.824646
-993.684377 -507.994003 -267.789576
-993.631772 -509.993003 -267.754506
-993.579167 -511.992004 -267.719436
-993.526562 -513.991004 -267.684366
-993.473956 -515.990004 -267.649295
-993.421351 -517.989005 -267.614225
-993.368746 -519.988005 -267.579155
-993.316141 -521.987006 -267.544085
-993.263535 -523.986006 -267.509015
-993.210930 -525.985007 -267.473944
-993.158325 -527.984007 -267.438874
-993.105719 -529.983008 -267.403804
-993.053114 -531.982008 -267.368734
-993.000509 -533.981008 -267.333664
-992.947904 -535.980009 -267.298593
-992.895298 -537.979009 -267.263523
-992.842693 -539.978010 -267.228453
-992.790088 -541.977010 -267.193383
-992.737482 -543.976011 -267.158313
-992.684877 -545.975011 -267.123243
-992.632272 -547.974011 -267.088172
-992.579667 -549.973012 -267.053102
-992.527061 -551.972012 -267.018032
-992.474456 -553.971013 -266.982962
-992.421851 -555.970013 -266.947892
-992.369246 -557.969014 -266.912821
-992.316640 -559.968014 -266.877751
-992.264035 -561.967015 -266.842681
-992.211430 -563.966015 -266.807611
-992.158824 -565.965015 -266.772541
-992.106219 -567.964016 -266.737471
-992.053614 -569.963016 -266.702400
-960.000000 -496.000000 -262.333329
-961.972788 -496.000000 -262.662127
-963.945576 -496.000000 -262.990925
-965.918364 -496.000000 -263.319723
-967.891151 -496.000000 -263.648521
-969.863939 -496.000000 -263.977319
-971.836727 -496.000000 -264.306117
-973.809515 -496.000000 -264.634915
-975.782303 -496.000000 -264.963713
-977.755091 -496.000000 -265.292511
-979.727878 -496.000000 -265.621309
-981.700666 -496.000000 -265.950107
-983.673454 -496.000000 -266.278905
-985.646242 -496.000000 -266.607703
-987.619030 -496.000000 -266.936501
-989.591818 -496.000000 -267.265299
-991.564606 -496.000000 -267.594097
-944.000000 -500.000000 -269.000000
-945.798876 -499.550281 -268.250468
-947.597752 -499.100562 -267.500936
-949.396628 -498.650843 -266.751404
-951.195504 -498.201124 -266.001872
-952.994379 -497.751405 -265.252340
-954.793255 -497.301686 -264.502807
-956.592131 -496.851967 -263.753275
-928.000000 -500.000000 -273.000000
-929.940285 -500.000000 -272.514929
-931.880570 -500.000000 -272.029857
-933.820855 -500.000000 -271.544786
-935.761140 -500.000000 -271.059715
-937.701425 -500.000000 -270.574644
-939.641710 -500.000000 -270.089572
-941.581995 -500.000000 -269.604501
-928.000000 -538.000000 -273.000000
-928.000000 -536.000000 -273.000000
-928.000000 -534.000000 -273.000000
-928.000000 -532.000000 -273.000000
-928.000000 -530.000000 -273.000000
-928.000000 -528.000000 -273.000000
-928.000000 -526.000000 -273.000000
-928.000000 -524.000000 -273.000000
-928.000000 -522.000000 -273.000000
-928.000000 -520.000000 -273.000000
-928.000000 -518.000000 -273.000000
-928.000000 -516.000000 -273.000000
-928.000000 -514.000000 -273.000000
-928.000000 -512.000000 -273.000000
-928.000000 -510.000000 -273.000000
-928.000000 -508.000000 -273.000000
-928.000000 -506.000000 -273.000000
-928.000000 -504.000000 -273.000000
-952.000000 -538.000000 -274.000000
-950.001734 -538.000000 -273.916739
-948.003468 -538.000000 -273.833478
-946.005202 -538.000000 -273.750217
-944.006935 -538.000000 -273.666956
-942.008669 -538.000000 -273.583695
-940.010403 -538.000000 -273.500433
-938.012137 -538.000000 -273.417172
-936.013871 -538.000000 -273.333911
-934.015605 -538.000000 -273.250650
-932.017339 -538.000000 -273.167389
-930.019072 -538.000000 -273.084128
-1668.000000 -285.000000 -274.000000
-1666.114263 -285.666329 -274.000000
-1664.228525 -286.332658 -274.000000
-1662.342788 -286.998987 -274.000000
-1660.457050 -287.665316 -274.000000
-1658.571313 -288.331645 -274.000000
-1656.685575 -288.997974 -274.000000
-1654.799838 -289.664303 -274.000000
-1652.914101 -290.330632 -274.000000
-1651.028363 -290.996961 -274.000000
-1649.142626 -291.663290 -274.000000
-1647.256888 -292.329619 -274.000000
-1645.371151 -292.995948 -274.000000
-1643.485413 -293.662277 -274.000000
-1641.599676 -294.328606 -274.000000
-1639.713939 -294.994935 -274.000000
-1637.828201 -295.661264 -274.000000
-1635.942464 -296.327593 -274.000000
-1634.056726 -296.993922 -274.000000
-1632.170989 -297.660251 -274.000000
-1630.285251 -298.326580 -274.000000
-1628.399514 -298.992909 -274.000000
-1626.513777 -299.659238 -274.000000
-1624.628039 -300.325567 -274.000000
-1622.742302 -300.991896 -274.000000
-1620.856564 -301.658225 -274.000000
-1618.970827 -302.324554 -274.000000
-1617.085089 -302.990883 -274.000000
-1615.199352 -303.657212 -274.000000
-1613.313615 -304.323541 -274.000000
-1611.427877 -304.989870 -274.000000
-1609.542140 -305.656199 -274.000000
-1607.656402 -306.322528 -274.000000
-1605.770665 -306.988857 -274.000000
-1603.884927 -307.655186 -274.000000
-1601.999190 -308.321515 -274.000000
-1600.113453 -308.987844 -274.000000
-1598.227715 -309.654173 -274.000000
-1596.341978 -310.320502 -274.000000
-1594.456240 -310.986831 -274.000000
-1592.570503 -311.653160 -274.000000
-1590.684765 -312.319489 -274.000000
-1588.799028 -312.985818 -274.000000
-1586.913291 -313.652147 -274.000000
-1585.027553 -314.318476 -274.000000
-1583.141816 -314.984805 -274.000000
-1581.256078 -315.651134 -274.000000
-1579.370341 -316.317463 -274.000000
-1577.484603 -316.983792 -274.000000
-1575.598866 -317.650121 -274.000000
-1573.713129 -318.316450 -274.000000
-1571.827391 -318.982779 -274.000000
-1569.941654 -319.649108 -274.000000
-1568.055916 -320.315437 -274.000000
-1566.170179 -320.981766 -274.000000
-1564.284441 -321.648095 -274.000000
-1562.398704 -322.314424 -274.000000
-1560.512967 -322.980753 -274.000000
-1558.627229 -323.647082 -274.000000
-1556.741492 -324.313411 -274.000000
-1554.855754 -324.979740 -274.000000
-1552.970017 -325.646069 -274.000000
-1551.084279 -326.312398 -274.000000
-1549.198542 -326.978727 -274.000000
-1547.312805 -327.645057 -274.000000
-1545.427067 -328.311386 -274.000000
-1543.541330 -328.977715 -274.000000
-1541.655592 -329.644044 -274.000000
-1539.769855 -330.310373 -274.000000
-1537.884117 -330.976702 -274.000000
-1535.998380 -331.643031 -274.000000
-1534.112643 -332.309360 -274.000000
-1532.226905 -332.975689 -274.000000
-1530.341168 -333.642018 -274.000000
-1528.455430 -334.308347 -274.000000
-1526.569693 -334.974676 -274.000000
-1524.683955 -335.641005 -274.000000
-1522.798218 -336.307334 -274.000000
-1520.912480 -336.973663 -274.000000
-1519.026743 -337.639992 -274.000000
-1517.141006 -338.306321 -274.000000
-1515.255268 -338.972650 -274.000000
-1513.369531 -339.638979 -274.000000
-1511.483793 -340.305308 -274.000000
-1509.598056 -340.971637 -274.000000
-1507.712318 -341.637966 -274.000000
-1505.826581 -342.304295 -274.000000
-1503.940844 -342.970624 -274.000000
-1502.055106 -343.636953 -274.000000
-1500.169369 -344.303282 -274.000000
-1498.283631 -344.969611 -274.000000
-1496.397894 -345.635940 -274.000000
-1494.512156 -346.302269 -274.000000
-1492.626419 -346.968598 -274.000000
-1490.740682 -347.634927 -274.000000
-1488.854944 -348.301256 -274.000000
-1486.969207 -348.967585 -274.000000
-1485.083469 -349.633914 -274.000000
-1483.197732 -350.300243 -274.000000
-1481.311994 -350.966572 -274.000000
-1479.426257 -351.632901 -274.000000
-1477.540520 -352.299230 -274.000000
-1475.654782 -352.965559 -274.000000
-1473.769045 -353.631888 -274.000000
-1471.883307 -354.298217 -274.000000
-1469.997570 -354.964546 -274.000000
-1468.111832 -355.630875 -274.000000
-1466.226095 -356.297204 -274.000000
-1464.340358 -356.963533 -274.000000
-1462.454620 -357.629862 -274.000000
-1460.568883 -358.296191 -274.000000
-1458.683145 -358.962520 -274.000000
-1456.797408 -359.628849 -274.000000
-1454.911670 -360.295178 -274.000000
-1453.025933 -360.961507 -274.000000
-1451.140196 -361.627836 -274.000000
-1449.254458 -362.294165 -274.000000
-1447.368721 -362.960494 -274.000000
-1445.482983 -363.626823 -274.000000
-1443.597246 -364.293152 -274.000000
-1441.711508 -364.959481 -274.000000
-1439.825771 -365.625810 -274.000000
-1437.940034 -366.292139 -274.000000
-1436.054296 -366.958468 -274.000000
-1434.168559 -367.624797 -274.000000
-1432.282821 -368.291126 -274.000000
-1430.397084 -368.957455 -274.000000
-1428.511346 -369.623784 -274.000000
-1426.625609 -370.290113 -274.000000
-1424.739872 -370.956442 -274.000000
-1422.854134 -371.622771 -274.000000
-1420.968397 -372.289100 -274.000000
-1419.082659 -372.955429 -274.000000
-1417.196922 -373.621758 -274.000000
-1415.311184 -374.288087 -274.000000
-1413.425447 -374.954416 -274.000000
-1411.539710 -375.620745 -274.000000
-1409.653972 -376.287074 -274.000000
-1407.768235 -376.953403 -274.000000
-1405.882497 -377.619732 -274.000000
-1403.996760 -378.286061 -274.000000
-1402.111022 -378.952390 -274.000000
-1400.225285 -379.618719 -274.000000
-1398.339548 -380.285048 -274.000000
-1396.453810 -380.951377 -274.000000
-1394.568073 -381.617706 -274.000000
-1392.682335 -382.284035 -274.000000
-1390.796598 -382.950364 -274.000000
-1388.910860 -383.616693 -274.000000
-1387.025123 -384.283022 -274.000000
-1385.139386 -384.949351 -274.000000
-1383.253648 -385.615680 -274.000000
-1381.367911 -386.282009 -274.000000
-1379.482173 -386.948338 -274.000000
-1377.596436 -387.614667 -274.000000
-1375.710698 -388.280996 -274.000000
-1373.824961 -388.947325 -274.000000
-1371.939224 -389.613654 -274.000000
-1370.053486 -390.279983 -274.000000
-1368.167749 -390.946312 -274.000000
-1366.282011 -391.612641 -274.000000
-1364.396274 -392.278970 -274.000000
-1362.510536 -392.945299 -274.000000
-1360.624799 -393.611628 -274.000000
-1358.739062 -394.277957 -274.000000
-1356.853324 -394.944286 -274.000000
-1354.967587 -395.610615 -274.000000
-1353.081849 -396.276944 -274.000000
-1351.196112 -396.943273 -274.000000
-1349.310374 -397.609602 -274.000000
-1347.424637 -398.275931 -274.000000
-1345.538900 -398.942260 -274.000000
-1343.653162 -399.608589 -274.000000
-1341.767425 -400.274918 -274.000000
-1339.881687 -400.941247 -274.000000
-1337.995950 -401.607576 -274.000000
-1336.110212 -402.273905 -274.000000
-1334.224475 -402.940234 -274.000000
-1332.338738 -403.606563 -274.000000
-1330.453000 -404.272892 -274.000000
-1328.567263 -404.939221 -274.000000
-1326.681525 -405.605550 -274.000000
-1324.795788 -406.271879 -274.000000
-1322.910050 -406.938208 -274.000000
-1321.024313 -407.604537 -274.000000
-1319.138576 -408.270866 -274.000000
-1317.252838 -408.937195 -274.000000
-1315.367101 -409.603524 -274.000000
-1313.481363 -410.269853 -274.000000
-1311.595626 -410.936182 -274.000000
-1309.709888 -411.602512 -274.000000
-1307.824151 -412.268841 -274.000000
-1305.938414 -412.935170 -274.000000
-1304.052676 -413.601499 -274.000000
-1302.166939 -414.267828 -274.000000
-1300.281201 -414.934157 -274.000000
-1298.395464 -415.600486 -274.000000
-1296.509726 -416.266815 -274.000000
-1294.623989 -416.933144 -274.000000
-1292.738252 -417.599473 -274.000000
-1290.852514 -418.265802 -274.000000
-1288.966777 -418.932131 -274.000000
-1287.081039 -419.598460 -274.000000
-1285.195302 -420.264789 -274.000000
-1283.309564 -420.931118 -274.000000
-1281.423827 -421.597447 -274.000000
-1279.538090 -422.263776 -274.000000
-1277.652352 -422.930105 -274.000000
-1275.766615 -423.596434 -274.000000
-1273.880877 -424.262763 -274.000000
-1271.995140 -424.929092 -274.000000
-1270.109402 -425.595421 -274.000000
-1268.223665 -426.261750 -274.000000
-1266.337928 -426.928079 -274.000000
-1264.452190 -427.594408 -274.000000
-1262.566453 -428.260737 -274.000000
-1260.680715 -428.927066 -274.000000
-1258.794978 -429.593395 -274.000000
-1256.909240 -430.259724 -274.000000
-1255.023503 -430.926053 -274.000000
-1253.137765 -431.592382 -274.000000
-1251.252028 -432.258711 -274.000000
-1249.366291 -432.925040 -274.000000
-1247.480553 -433.591369 -274.000000
-1245.594816 -434.257698 -274.000000
-1243.709078 -434.924027 -274.000000
-1241.823341 -435.590356 -274.000000
-1239.937603 -436.256685 -274.000000
-1238.051866 -436.923014 -274.000000
-1236.166129 -437.589343 -274.000000
-1234.280391 -438.255672 -274.000000
-1232.394654 -438.922001 -274.000000
-1230.508916 -439.588330 -274.000000
-1228.623179 -440.254659 -274.000000
-1226.737441 -440.920988 -274.000000
-1224.851704 -441.587317 -274.000000
-1222.965967 -442.253646 -274.000000
-1221.080229 -442.919975 -274.000000
-1219.194492 -443.586304 -274.000000
-1217.308754 -444.252633 -274.000000
-1215.423017 -444.918962 -274.000000
-1213.537279 -445.585291 -274.000000
-1211.651542 -446.251620 -274.000000
-1209.765805 -446.917949 -274.000000
-1207.880067 -447.584278 -274.000000
-1205.994330 -448.250607 -274.000000
-1204.108592 -448.916936 -274.000000
-1202.222855 -449.583265 -274.000000
-1200.337117 -450.249594 -274.000000
-1198.451380 -450.915923 -274.000000
-1196.565643 -451.582252 -274.000000
-1194.679905 -452.248581 -274.000000
-1192.794168 -452.914910 -274.000000
-1190.908430 -453.581239 -274.000000
-1189.022693 -454.247568 -274.000000
-1187.136955 -454.913897 -274.000000
-1185.251218 -455.580226 -274.000000
-1183.365481 -456.246555 -274.000000
-1181.479743 -456.912884 -274.000000
-1179.594006 -457.579213 -274.000000
-1177.708268 -458.245542 -274.000000
-1175.822531 -458.911871 -274.000000
-1173.936793 -459.578200 -274.000000
-1172.051056 -460.244529 -274.000000
-1170.165319 -460.910858 -274.000000
-1168.279581 -461.577187 -274.000000
-1166.393844 -462.243516 -274.000000
-1164.508106 -462.909845 -274.000000
-1162.622369 -463.576174 -274.000000
-1160.736631 -464.242503 -274.000000
-1158.850894 -464.908832 -274.000000
-1156.965157 -465.575161 -274.000000
-1155.079419 -466.241490 -274.000000
-1153.193682 -466.907819 -274.000000
-1151.307944 -467.574148 -274.000000
-1149.422207 -468.240477 -274.000000
-1147.536469 -468.906806 -274.000000
-1145.650732 -469.573135 -274.000000
-1143.764995 -470.239464 -274.000000
-1141.879257 -470.905793 -274.000000
-1139.993520 -471.572122 -274.000000
-1138.107782 -472.238451 -274.000000
-1136.222045 -472.904780 -274.000000
-1134.336307 -473.571109 -274.000000
-1132.450570 -474.237438 -274.000000
-1130.564833 -474.903767 -274.000000
-1128.679095 -475.570096 -274.000000
-1126.793358 -476.236425 -274.000000
-1124.907620 -476.902754 -274.000000
-1123.021883 -477.569083 -274.000000
-1121.136145 -478.235412 -274.000000
-1119.250408 -478.901741 -274.000000
-1117.364671 -479.568070 -274.000000
-1115.478933 -480.234399 -274.000000
-1113.593196 -480.900728 -274.000000
-1111.707458 -481.567057 -274.000000
-1109.821721 -482.233386 -274.000000
-1107.935983 -482.899715 -274.000000
-1106.050246 -483.566044 -274.000000
-1104.164509 -484.232373 -274.000000
-1102.278771 -484.898702 -274.000000
-1100.393034 -485.565031 -274.000000
-1098.507296 -486.231360 -274.000000
-1096.621559 -486.897689 -274.000000
-1094.735821 -487.564018 -274.000000
-1092.850084 -488.230347 -274.000000
-1090.964347 -488.896676 -274.000000
-1089.078609 -489.563005 -274.000000
-1087.192872 -490.229334 -274.000000
-1085.307134 -490.895663 -274.000000
-1083.421397 -491.561992 -274.000000
-1081.535659 -492.228321 -274.000000
-1079.649922 -492.894650 -274.000000
-1077.764185 -493.560979 -274.000000
-1075.878447 -494.227308 -274.000000
-1073.992710 -494.893637 -274.000000
-1072.106972 -495.559967 -274.000000
-1070.221235 -496.226296 -274.000000
-1068.335497 -496.892625 -274.000000
-1066.449760 -497.558954 -274.000000
-1064.564023 -498.225283 -274.000000
-1062.678285 -498.891612 -274.000000
-1060.792548 -499.557941 -274.000000
-1058.906810 -500.224270 -274.000000
-1057.021073 -500.890599 -274.000000
-1055.135335 -501.556928 -274.000000
-1053.249598 -502.223257 -274.000000
-1051.363861 -502.889586 -274.000000
-1049.478123 -503.555915 -274.000000
-1047.592386 -504.222244 -274.000000
-1045.706648 -504.888573 -274.000000
-1043.820911 -505.554902 -274.000000
-1041.935173 -506.221231 -274.000000
-1040.049436 -506.887560 -274.000000
-1038.163699 -507.553889 -274.000000
-1036.277961 -508.220218 -274.000000
-1034.392224 -508.886547 -274.000000
-1032.506486 -509.552876 -274.000000
-1030.620749 -510.219205 -274.000000
-1028.735011 -510.885534 -274.000000
-1026.849274 -511.551863 -274.000000
-1024.963537 -512.218192 -274.000000
-1023.077799 -512.884521 -274.000000
-1021.192062 -513.550850 -274.000000
-1019.306324 -514.217179 -274.000000
-1017.420587 -514.883508 -274.000000
-1015.534849 -515.549837 -274.000000
-1013.649112 -516.216166 -274.000000
-1011.763375 -516.882495 -274.000000
-1009.877637 -517.548824 -274.000000
-1007.991900 -518.215153 -274.000000
-1006.106162 -518.881482 -274.000000
-1004.220425 -519.547811 -274.000000
-1002.334687 -520.214140 -274.000000
-1000.448950 -520.880469 -274.000000
-998.563213 -521.546798 -274.000000
-996.677475 -522.213127 -274.000000
-994.791738 -522.879456 -274.000000
-992.906000 -523.545785 -274.000000
-991.020263 -524.212114 -274.000000
-989.134525 -524.878443 -274.000000
-987.248788 -525.544772 -274.000000
-985.363051 -526.211101 -274.000000
-983.477313 -526.877430 -274.000000
-981.591576 -527.543759 -274.000000
-979.705838 -528.210088 -274.000000
-977.820101 -528.876417 -274.000000
-975.934363 -529.542746 -274.000000
-974.048626 -530.209075 -274.000000
-972.162888 -530.875404 -274.000000
-970.277151 -531.541733 -274.000000
-968.391414 -532.208062 -274.000000
-966.505676 -532.874391 -274.000000
-964.619939 -533.540720 -274.000000
-962.734201 -534.207049 -274.000000
-960.848464 -534.873378 -274.000000
-958.962726 -535.539707 -274.000000
-957.076989 -536.206036 -274.000000
-955.191252 -536.872365 -274.000000
-1648.000000 -285.000000 -273.000000
-1649.997505 -285.000000 -273.099875
-1651.995009 -285.000000 -273.199750
-1653.992514 -285.000000 -273.299626
-1655.990019 -285.000000 -273.399501
-1657.987523 -285.000000 -273.499376
-1659.985028 -285.000000 -273.599251
-1661.982533 -285.000000 -273.699127
-1663.980037 -285.000000 -273.799002
-1665.977542 -285.000000 -273.898877
-1600.000000 -285.000000 -273.000000
-1602.000000 -285.000000 -273.000000
-1604.000000 -285.000000 -273.000000
-1606.000000 -285.000000 -273.000000
-1608.000000 -285.000000 -273.000000
-1610.000000 -285.000000 -273.000000
-1612.000000 -285.000000 -273.000000
-1614.000000 -285.000000 -273.000000
-1616.000000 -285.000000 -273.000000
-1618.000000 -285.000000 -273.000000
-1620.000000 -285.000000 -273.000000
-1622.000000 -285.000000 -273.000000
-1624.000000 -285.000000 -273.000000
-1626.000000 -285.000000 -273.000000
-1628.000000 -285.000000 -273.000000
-1630.000000 -285.000000 -273.000000
-1632.000000 -285.000000 -273.000000
-1634.000000 -285.000000 -273.000000
-1636.000000 -285.000000 -273.000000
-1638.000000 -285.000000 -273.000000
-1640.000000 -285.000000 -273.000000
-1642.000000 -285.000000 -273.000000
-1644.000000 -285.000000 -273.000000
-1593.632663 -285.000000 -258.122458
-1594.419587 -285.000000 -259.961139
-1595.206512 -285.000000 -261.799821
-1595.993437 -285.000000 -263.638502
-1596.780361 -285.000000 -265.477183
-1597.567286 -285.000000 -267.315865
-1598.354211 -285.000000 -269.154546
-1599.141135 -285.000000 -270.993228
-1609.316337 -572.000000 -224.238311
-1609.207956 -570.016713 -224.472464
-1609.099575 -568.033427 -224.706617
-1608.991195 -566.050140 -224.940771
-1608.882814 -564.066853 -225.174924
-1608.774434 -562.083567 -225.409077
-1608.666053 -560.100280 -225.643230
-1608.557673 -558.116993 -225.877384
-1608.449292 -556.133707 -226.111537
-1608.340912 -554.150420 -226.345690
-1608.232531 -552.167134 -226.579843
-1608.124150 -550.183847 -226.813996
-1608.015770 -548.200560 -227.048150
-1607.907389 -546.217274 -227.282303
-1607.799009 -544.233987 -227.516456
-1607.690628 -542.250700 -227.750609
-1607.582248 -540.267414 -227.984763
-1607.473867 -538.284127 -228.218916
-1607.365486 -536.300840 -228.453069
-1607.257106 -534.317554 -228.687222
-1607.148725 -532.334267 -228.921375
-1607.040345 -530.350980 -229.155529
-1606.931964 -528.367694 -229.389682
-1606.823584 -526.384407 -229.623835
-1606.715203 -524.401120 -229.857988
-1606.606823 -522.417834 -230.092142
-1606.498442 -520.434547 -230.326295
-1606.390061 -518.451261 -230.560448
-1606.281681 -516.467974 -230.794601
-1606.173300 -514.484687 -231.028755
-1606.064920 -512.501401 -231.262908
-1605.956539 -510.518114 -231.497061
-1605.848159 -508.534827 -231.731214
-1605.739778 -506.551541 -231.965367
-1605.631398 -504.568254 -232.199521
-1605.523017 -502.584967 -232.433674
-1605.414636 -500.601681 -232.667827
-1605.306256 -498.618394 -232.901980
-1605.197875 -496.635107 -233.136134
-1605.089495 -494.651821 -233.370287
-1604.981114 -492.668534 -233.604440
-1604.872734 -490.685248 -233.838593
-1604.764353 -488.701961 -234.072746
-1604.655972 -486.718674 -234.306900
-1604.547592 -484.735388 -234.541053
-1604.439211 -482.752101 -234.775206
-1604.330831 -480.768814 -235.009359
-1604.222450 -478.785528 -235.243513
-1604.114070 -476.802241 -235.477666
-1604.005689 -474.818954 -235.711819
-1603.897309 -472.835668 -235.945972
-1603.788928 -470.852381 -236.180125
-1603.680547 -468.869094 -236.414279
-1603.572167 -466.885808 -236.648432
-1603.463786 -464.902521 -236.882585
-1603.355406 -462.919234 -237.116738
-1603.247025 -460.935948 -237.350892
-1603.138645 -458.952661 -237.585045
-1603.030264 -456.969375 -237.819198
-1602.921884 -454.986088 -238.053351
-1602.813503 -453.002801 -238.287504
-1602.705122 -451.019515 -238.521658
-1602.596742 -449.036228 -238.755811
-1602.488361 -447.052941 -238.989964
-1602.379981 -445.069655 -239.224117
-1602.271600 -443.086368 -239.458271
-1602.163220 -441.103081 -239.692424
-1602.054839 -439.119795 -239.926577
-1601.946458 -437.136508 -240.160730
-1601.838078 -435.153221 -240.394883
-1601.729697 -433.169935 -240.629037
-1601.621317 -431.186648 -240.863190
-1601.512936 -429.203361 -241.097343
-1601.404556 -427.220075 -241.331496
-1601.296175 -425.236788 -241.565650
-1601.187795 -423.253502 -241.799803
-1601.079414 -421.270215 -242.033956
-1600.971033 -419.286928 -242.268109
-1600.862653 -417.303642 -242.502263
-1600.754272 -415.320355 -242.736416
-1600.645892 -413.337068 -242.970569
-1600.537511 -411.353782 -243.204722
-1600.429131 -409.370495 -243.438875
-1600.320750 -407.387208 -243.673029
-1600.212369 -405.403922 -243.907182
-1600.103989 -403.420635 -244.141335
-1599.995608 -401.437348 -244.375488
-1599.887228 -399.454062 -244.609642
-1599.778847 -397.470775 -244.843795
-1599.670467 -395.487488 -245.077948
-1599.562086 -393.504202 -245.312101
-1599.453706 -391.520915 -245.546254
-1599.345325 -389.537629 -245.780408
-1599.236944 -387.554342 -246.014561
-1599.128564 -385.571055 -246.248714
-1599.020183 -383.587769 -246.482867
-1598.911803 -381.604482 -246.717021
-1598.803422 -379.621195 -246.951174
-1598.695042 -377.637909 -247.185327
-1598.586661 -375.654622 -247.419480
-1598.478281 -373.671335 -247.653633
-1598.369900 -371.688049 -247.887787
-1598.261519 -369.704762 -248.121940
-1598.153139 -367.721475 -248.356093
-1598.044758 -365.738189 -248.590246
-1597.936378 -363.754902 -248.824400
-1597.827997 -361.771615 -249.058553
-1597.719617 -359.788329 -249.292706
-1597.611236 -357.805042 -249.526859
-1597.502855 -355.821756 -249.761012
-1597.394475 -353.838469 -249.995166
-1597.286094 -351.855182 -250.229319
-1597.177714 -349.871896 -250.463472
-1597.069333 -347.888609 -250.697625
-1596.960953 -345.905322 -250.931779
-1596.852572 -343.922036 -251.165932
-1596.744192 -341.938749 -251.400085
-1596.635811 -339.955462 -251.634238
-1596.527430 -337.972176 -251.868391
-1596.419050 -335.988889 -252.102545
-1596.310669 -334.005602 -252.336698
-1596.202289 -332.022316 -252.570851
-1596.093908 -330.039029 -252.805004
-1595.985528 -328.055743 -253.039158
-1595.877147 -326.072456 -253.273311
-1595.768767 -324.089169 -253.507464
-1595.660386 -322.105883 -253.741617
-1595.552005 -320.122596 -253.975771
-1595.443625 -318.139309 -254.209924
-1595.335244 -316.156023 -254.444077
-1595.226864 -314.172736 -254.678230
-1595.118483 -312.189449 -254.912383
-1595.010103 -310.206163 -255.146537
-1594.901722 -308.222876 -255.380690
-1594.793341 -306.239589 -255.614843
-1594.684961 -304.256303 -255.848996
-1594.576580 -302.273016 -256.083150
-1594.468200 -300.289729 -256.317303
-1594.359819 -298.306443 -256.551456
-1594.251439 -296.323156 -256.785609
-1594.143058 -294.339870 -257.019762
-1594.034678 -292.356583 -257.253916
-1593.926297 -290.373296 -257.488069
-1593.817916 -288.390010 -257.722222
-1587.861153 -971.755142 -258.829897
-1587.967943 -969.765431 -258.657724
-1588.074732 -967.775719 -258.485550
-1588.181521 -965.786008 -258.313377
-1588.288311 -963.796296 -258.141203
-1588.395100 -961.806584 -257.969029
-1588.501890 -959.816873 -257.796856
-1588.608679 -957.827161 -257.624682
-1588.715469 -955.837450 -257.452509
-1588.822258 -953.847738 -257.280335
-1588.929048 -951.858026 -257.108161
-1589.035837 -949.868315 -256.935988
-1589.142626 -947.878603 -256.763814
-1589.249416 -945.888892 -256.591641
-1589.356205 -943.899180 -256.419467
-1589.462995 -941.909468 -256.247293
-1589.569784 -939.919757 -256.075120
-1589.676574 -937.930045 -255.902946
-1589.783363 -935.940334 -255.730773
-1589.890153 -933.950622 -255.558599
-1589.996942 -931.960910 -255.386425
-1590.103731 -929.971199 -255.214252
-1590.210521 -927.981487 -255.042078
-1590.317310 -925.991776 -254.869905
-1590.424100 -924.002064 -254.697731
-1590.530889 -922.012352 -254.525557
-1590.637679 -920.022641 -254.353384
-1590.744468 -918.032929 -254.181210
-1590.851257 -916.043218 -254.009037
-1590.958047 -914.053506 -253.836863
-1591.064836 -912.063794 -253.664689
-1591.171626 -910.074083 -253.492516
-1591.278415 -908.084371 -253.320342
-1591.385205 -906.094660 -253.148169
-1591.491994 -904.104948 -252.975995
-1591.598784 -902.115236 -252.803821
-1591.705573 -900.125525 -252.631648
-1591.812362 -898.135813 -252.459474
-1591.919152 -896.146102 -252.287301
-1592.025941 -894.156390 -252.115127
-1592.132731 -892.166678 -251.942953
-1592.239520 -890.176967 -251.770780
-1592.346310 -888.187255 -251.598606
-1592.453099 -886.197544 -251.426433
-1592.559888 -884.207832 -251.254259
-1592.666678 -882.218120 -251.082086
-1592.773467 -880.228409 -250.909912
-1592.880257 -878.238697 -250.737738
-1592.987046 -876.248985 -250.565565
-1593.093836 -874.259274 -250.393391
-1593.200625 -872.269562 -250.221218
-1593.307415 -870.279851 -250.049044
-1593.414204 -868.290139 -249.876870
-1593.520993 -866.300427 -249.704697
-1593.627783 -864.310716 -249.532523
-1593.734572 -862.321004 -249.360350
-1593.841362 -860.331293 -249.188176
-1593.948151 -858.341581 -249.016002
-1594.054941 -856.351869 -248.843829
-1594.161730 -854.362158 -248.671655
-1594.268520 -852.372446 -248.499482
-1594.375309 -850.382735 -248.327308
-1594.482098 -848.393023 -248.155134
-1594.588888 -846.403311 -247.982961
-1594.695677 -844.413600 -247.810787
-1594.802467 -842.423888 -247.638614
-1594.909256 -840.434177 -247.466440
-1595.016046 -838.444465 -247.294266
-1595.122835 -836.454753 -247.122093
-1595.229624 -834.465042 -246.949919
-1595.336414 -832.475330 -246.777746
-1595.443203 -830.485619 -246.605572
-1595.549993 -828.495907 -246.433398
-1595.656782 -826.506195 -246.261225
-1595.763572 -824.516484 -246.089051
-1595.870361 -822.526772 -245.916878
-1595.977151 -820.537061 -245.744704
-1596.083940 -818.547349 -245.572530
-1596.190729 -816.557637 -245.400357
-1596.297519 -814.567926 -245.228183
-1596.404308 -812.578214 -245.056010
-1596.511098 -810.588503 -244.883836
-1596.617887 -808.598791 -244.711662
-1596.724677 -806.609079 -244.539489
-1596.831466 -804.619368 -244.367315
-1596.938255 -802.629656 -244.195142
-1597.045045 -800.639945 -244.022968
-1597.151834 -798.650233 -243.850794
-1597.258624 -796.660521 -243.678621
-1597.365413 -794.670810 -243.506447
-1597.472203 -792.681098 -243.334274
-1597.578992 -790.691386 -243.162100
-1597.685782 -788.701675 -242.989926
-1597.792571 -786.711963 -242.817753
-1597.899360 -784.722252 -242.645579
-1598.006150 -782.732540 -242.473406
-1598.112939 -780.742828 -242.301232
-1598.219729 -778.753117 -242.129058
-1598.326518 -776.763405 -241.956885
-1598.433308 -774.773694 -241.784711
-1598.540097 -772.783982 -241.612538
-1598.646887 -770.794270 -241.440364
-1598.753676 -768.804559 -241.268190
-1598.860465 -766.814847 -241.096017
-1598.967255 -764.825136 -240.923843
-1599.074044 -762.835424 -240.751670
-1599.180834 -760.845712 -240.579496
-1599.287623 -758.856001 -240.407322
-1599.394413 -756.866289 -240.235149
-1599.501202 -754.876578 -240.062975
-1599.607991 -752.886866 -239.890802
-1599.714781 -750.897154 -239.718628
-1599.821570 -748.907443 -239.546455
-1599.928360 -746.917731 -239.374281
-1600.035149 -744.928020 -239.202107
-1600.141939 -742.938308 -239.029934
-1600.248728 -740.948596 -238.857760
-1600.355518 -738.958885 -238.685587
-1600.462307 -736.969173 -238.513413
-1600.569096 -734.979462 -238.341239
-1600.675886 -732.989750 -238.169066
-1600.782675 -731.000038 -237.996892
-1600.889465 -729.010327 -237.824719
-1600.996254 -727.020615 -237.652545
-1601.103044 -725.030904 -237.480371
-1601.209833 -723.041192 -237.308198
-1601.316622 -721.051480 -237.136024
-1601.423412 -719.061769 -236.963851
-1601.530201 -717.072057 -236.791677
-1601.636991 -715.082346 -236.619503
-1601.743780 -713.092634 -236.447330
-1601.850570 -711.102922 -236.275156
-1601.957359 -709.113211 -236.102983
-1602.064149 -707.123499 -235.930809
-1602.170938 -705.133788 -235.758635
-1602.277727 -703.144076 -235.586462
-1602.384517 -701.154364 -235.414288
-1602.491306 -699.164653 -235.242115
-1602.598096 -697.174941 -235.069941
-1602.704885 -695.185229 -234.897767
-1602.811675 -693.195518 -234.725594
-1602.918464 -691.205806 -234.553420
-1603.025254 -689.216095 -234.381247
-1603.132043 -687.226383 -234.209073
-1603.238832 -685.236671 -234.036899
-1603.345622 -683.246960 -233.864726
-1603.452411 -681.257248 -233.692552
-1603.559201 -679.267537 -233.520379
-1603.665990 -677.277825 -233.348205
-1603.772780 -675.288113 -233.176031
-1603.879569 -673.298402 -233.003858
-1603.986358 -671.308690 -232.831684
-1604.093148 -669.318979 -232.659511
-1604.199937 -667.329267 -232.487337
-1604.306727 -665.339555 -232.315163
-1604.413516 -663.349844 -232.142990
-1604.520306 -661.360132 -231.970816
-1604.627095 -659.370421 -231.798643
-1604.733885 -657.380709 -231.626469
-1604.840674 -655.390997 -231.454295
-1604.947463 -653.401286 -231.282122
-1605.054253 -651.411574 -231.109948
-1605.161042 -649.421863 -230.937775
-1605.267832 -647.432151 -230.765601
-1605.374621 -645.442439 -230.593427
-1605.481411 -643.452728 -230.421254
-1605.588200 -641.463016 -230.249080
-1605.694989 -639.473305 -230.076907
-1605.801779 -637.483593 -229.904733
-1605.908568 -635.493881 -229.732559
-1606.015358 -633.504170 -229.560386
-1606.122147 -631.514458 -229.388212
-1606.228937 -629.524747 -229.216039
-1606.335726 -627.535035 -229.043865
-1606.442516 -625.545323 -228.871691
-1606.549305 -623.555612 -228.699518
-1606.656094 -621.565900 -228.527344
-1606.762884 -619.576189 -228.355171
-1606.869673 -617.586477 -228.182997
-1606.976463 -615.596765 -228.010823
-1607.083252 -613.607054 -227.838650
-1607.190042 -611.617342 -227.666476
-1607.296831 -609.627631 -227.494303
-1607.403621 -607.637919 -227.322129
-1607.510410 -605.648207 -227.149956
-1607.617199 -603.658496 -226.977782
-1607.723989 -601.668784 -226.805608
-1607.830778 -599.679072 -226.633435
-1607.937568 -597.689361 -226.461261
-1608.044357 -595.699649 -226.289088
-1608.151147 -593.709938 -226.116914
-1608.257936 -591.720226 -225.944740
-1608.364725 -589.730514 -225.772567
-1608.471515 -587.740803 -225.600393
-1608.578304 -585.751091 -225.428220
-1608.685094 -583.761380 -225.256046
-1608.791883 -581.771668 -225.083872
-1608.898673 -579.781956 -224.911699
-1609.005462 -577.792245 -224.739525
-1609.112252 -575.802533 -224.567352
-1569.632680 -960.816311 -266.122452
-1571.254805 -961.789742 -265.473498
-1572.876931 -962.763172 -264.824544
-1574.499056 -963.736603 -264.175590
-1576.121182 -964.710034 -263.526636
-1577.743308 -965.683465 -262.877682
-1579.365433 -966.656896 -262.228728
-1580.987559 -967.630327 -261.579774
-1582.609684 -968.603758 -260.930821
-1584.231810 -969.577188 -260.281867
-1585.853935 -970.550619 -259.632913
-1569.632680 -758.816311 -266.122452
-1569.632680 -760.816311 -266.122452
-1569.632680 -762.816311 -266.122452
-1569.632680 -764.816311 -266.122452
-1569.632680 -766.816311 -266.122452
-1569.632680 -768.816311 -266.122452
-1569.632680 -770.816311 -266.122452
-1569.632680 -772.816311 -266.122452
-1569.632680 -774.816311 -266.122452
-1569.632680 -776.816311 -266.122452
-1569.632680 -778.816311 -266.122452
-1569.632680 -780.816311 -266.122452
-1569.632680 -782.816311 -266.122452
-1569.632680 -784.816311 -266.122452
-1569.632680 -786.816311 -266.122452
-1569.632680 -788.816311 -266.122452
-1569.632680 -790.816311 -266.122452
-1569.632680 -792.816311 -266.122452
-1569.632680 -794.816311 -266.122452
-1569.632680 -796.816311 -266.122452
-1569.632680 -798.816311 -266.122452
-1569.632680 -800.816311 -266.122452
-1569.632680 -802.816311 -266.122452
-1569.632680 -804.816311 -266.122452
-1569.632680 -806.816311 -266.122452
-1569.632680 -808.816311 -266.122452
-1569.632680 -810.816311 -266.122452
-1569.632680 -812.816311 -266.122452
-1569.632680 -814.816311 -266.122452
-1569.632680 -816.816311 -266.122452
-1569.632680 -818.816311 -266.122452
-1569.632680 -820.816311 -266.122452
-1569.632680 -822.816311 -266.122452
-1569.632680 -824.816311 -266.122452
-1569.632680 -826.816311 -266.122452
-1569.632680 -828.816311 -266.122452
-1569.632680 -830.816311 -266.122452
-1569.632680 -832.816311 -266.122452
-1569.632680 -834.816311 -266.122452
-1569.632680 -836.816311 -266.122452
-1569.632680 -838.816311 -266.122452
-1569.632680 -840.816311 -266.122452
-1569.632680 -842.816311 -266.122452
-1569.632680 -844.816311 -266.122452
-1569.632680 -846.816311 -266.122452
-1569.632680 -848.816311 -266.122452
-1569.632680 -850.816311 -266.122452
-1569.632680 -852.816311 -266.122452
-1569.632680 -854.816311 -266.122452
-1569.632680 -856.816311 -266.122452
-1569.632680 -858.816311 -266.122452
-1569.632680 -860.816311 -266.122452
-1569.632680 -862.816311 -266.122452
-1569.632680 -864.816311 -266.122452
-1569.632680 -866.816311 -266.122452
-1569.632680 -868.816311 -266.122452
-1569.632680 -870.816311 -266.122452
-1569.632680 -872.816311 -266.122452
-1569.632680 -874.816311 -266.122452
-1569.632680 -876.816311 -266.122452
-1569.632680 -878.816311 -266.122452
-1569.632680 -880.816311 -266.122452
-1569.632680 -882.816311 -266.122452
-1569.632680 -884.816311 -266.122452
-1569.632680 -886.816311 -266.122452
-1569.632680 -888.816311 -266.122452
-1569.632680 -890.816311 -266.122452
-1569.632680 -892.816311 -266.122452
-1569.632680 -894.816311 -266.122452
-1569.632680 -896.816311 -266.122452
-1569.632680 -898.816311 -266.122452
-1569.632680 -900.816311 -266.122452
-1569.632680 -902.816311 -266.122452
-1569.632680 -904.816311 -266.122452
-1569.632680 -906.816311 -266.122452
-1569.632680 -908.816311 -266.122452
-1569.632680 -910.816311 -266.122452
-1569.632680 -912.816311 -266.122452
-1569.632680 -914.816311 -266.122452
-1569.632680 -916.816311 -266.122452
-1569.632680 -918.816311 -266.122452
-1569.632680 -920.816311 -266.122452
-1569.632680 -922.816311 -266.122452
-1569.632680 -924.816311 -266.122452
-1569.632680 -926.816311 -266.122452
-1569.632680 -928.816311 -266.122452
-1569.632680 -930.816311 -266.122452
-1569.632680 -932.816311 -266.122452
-1569.632680 -934.816311 -266.122452
-1569.632680 -936.816311 -266.122452
-1569.632680 -938.816311 -266.122452
-1569.632680 -940.816311 -266.122452
-1569.632680 -942.816311 -266.122452
-1569.632680 -944.816311 -266.122452
-1569.632680 -946.816311 -266.122452
-1569.632680 -948.816311 -266.122452
-1569.632680 -950.816311 -266.122452
-1569.632680 -952.816311 -266.122452
-1569.632680 -954.816311 -266.122452
-1569.632680 -956.816311 -266.122452
-1591.017601 -982.999990 -251.333332
-1590.828091 -981.013307 -251.464391
-1590.638581 -979.026624 -251.595450
-1590.449071 -977.039941 -251.726510
-1590.259561 -975.053258 -251.857569
-1590.070051 -973.066575 -251.988628
-1589.880541 -971.079892 -252.119687
-1589.691031 -969.093209 -252.250746
-1589.501521 -967.106526 -252.381805
-1589.312011 -965.119843 -252.512864
-1589.122501 -963.133160 -252.643923
-1588.932991 -961.146477 -252.774982
-1588.743481 -959.159794 -252.906041
-1588.553971 -957.173111 -253.037100
-1588.364461 -955.186428 -253.168159
-1588.174951 -953.199745 -253.299218
-1587.985441 -951.213062 -253.430277
-1587.795931 -949.226379 -253.561336
-1587.606421 -947.239696 -253.692395
-1587.416910 -945.253013 -253.823454
-1587.227400 -943.266330 -253.954513
-1587.037890 -941.279647 -254.085572
-1586.848380 -939.292963 -254.216631
-1586.658870 -937.306280 -254.347690
-1586.469360 -935.319597 -254.478749
-1586.279850 -933.332914 -254.609808
-1586.090340 -931.346231 -254.740867
-1585.900830 -929.359548 -254.871926
-1585.711320 -927.372865 -255.002985
-1585.521810 -925.386182 -255.134044
-1585.332300 -923.399499 -255.265103
-1585.142790 -921.412816 -255.396162
-1584.953280 -919.426133 -255.527221
-1584.763770 -917.439450 -255.658280
-1584.574260 -915.452767 -255.789339
-1584.384750 -913.466084 -255.920398
-1584.195240 -911.479401 -256.051457
-1584.005730 -909.492718 -256.182516
-1583.816219 -907.506035 -256.313575
-1583.626709 -905.519352 -256.444634
-1583.437199 -903.532669 -256.575693
-1583.247689 -901.545986 -256.706752
-1583.058179 -899.559303 -256.837811
-1582.868669 -897.572620 -256.968870
-1582.679159 -895.585937 -257.099929
-1582.489649 -893.599254 -257.230988
-1582.300139 -891.612571 -257.362047
-1582.110629 -889.625888 -257.493106
-1581.921119 -887.639205 -257.624165
-1581.731609 -885.652522 -257.755224
-1581.542099 -883.665839 -257.886283
-1581.352589 -881.679156 -258.017342
-1581.163079 -879.692472 -258.148401
-1580.973569 -877.705789 -258.279460
-1580.784059 -875.719106 -258.410519
-1580.594549 -873.732423 -258.541578
-1580.405039 -871.745740 -258.672637
-1580.215528 -869.759057 -258.803696
-1580.026018 -867.772374 -258.934755
-1579.836508 -865.785691 -259.065814
-1579.646998 -863.799008 -259.196873
-1579.457488 -861.812325 -259.327932
-1579.267978 -859.825642 -259.458991
-1579.078468 -857.838959 -259.590050
-1578.888958 -855.852276 -259.721109
-1578.699448 -853.865593 -259.852168
-1578.509938 -851.878910 -259.983227
-1578.320428 -849.892227 -260.114286
-1578.130918 -847.905544 -260.245345
-1577.941408 -845.918861 -260.376404
-1577.751898 -843.932178 -260.507463
-1577.562388 -841.945495 -260.638523
-1577.372878 -839.958812 -260.769582
-1577.183368 -837.972129 -260.900641
-1576.993858 -835.985446 -261.031700
-1576.804348 -833.998763 -261.162759
-1576.614837 -832.012080 -261.293818
-1576.425327 -830.025397 -261.424877
-1576.235817 -828.038714 -261.555936
-1576.046307 -826.052031 -261.686995
-1575.856797 -824.065348 -261.818054
-1575.667287 -822.078665 -261.949113
-1575.477777 -820.091981 -262.080172
-1575.288267 -818.105298 -262.211231
-1575.098757 -816.118615 -262.342290
-1574.909247 -814.131932 -262.473349
-1574.719737 -812.145249 -262.604408
-1574.530227 -810.158566 -262.735467
-1574.340717 -808.171883 -262.866526
-1574.151207 -806.185200 -262.997585
-1573.961697 -804.198517 -263.128644
-1573.772187 -802.211834 -263.259703
-1573.582677 -800.225151 -263.390762
-1573.393167 -798.238468 -263.521821
-1573.203657 -796.251785 -263.652880
-1573.014146 -794.265102 -263.783939
-1572.824636 -792.278419 -263.914998
-1572.635126 -790.291736 -264.046057
-1572.445616 -788.305053 -264.177116
-1572.256106 -786.318370 -264.308175
-1572.066596 -784.331687 -264.439234
-1571.877086 -782.345004 -264.570293
-1571.687576 -780.358321 -264.701352
-1571.498066 -778.371638 -264.832411
-1571.308556 -776.384955 -264.963470
-1571.119046 -774.398272 -265.094529
-1570.929536 -772.411589 -265.225588
-1570.740026 -770.424906 -265.356647
-1570.550516 -768.438223 -265.487706
-1570.361006 -766.451540 -265.618765
-1570.171496 -764.464857 -265.749824
-1569.981986 -762.478174 -265.880883
-1617.000000 -998.600009 -225.883335
-1615.686915 -997.811623 -227.169514
-1614.373830 -997.023237 -228.455693
-1613.060745 -996.234852 -229.741871
-1611.747660 -995.446466 -231.028050
-1610.434575 -994.658080 -232.314229
-1609.121490 -993.869695 -233.600408
-1607.808405 -993.081309 -234.886586
-1606.495320 -992.292924 -236.172765
-1605.182235 -991.504538 -237.458944
-1603.869150 -990.716152 -238.745123
-1602.556065 -989.927767 -240.031302
-1601.242980 -989.139381 -241.317480
-1599.929895 -988.350995 -242.603659
-1598.616810 -987.562610 -243.889838
-1597.303725 -986.774224 -245.176017
-1595.990640 -985.985838 -246.462196
-1594.677555 -985.197453 -247.748374
-1593.364470 -984.409067 -249.034553
-1617.000000 -938.000000 -65.687515
-1617.000000 -938.707635 -67.558144
-1617.000000 -939.415270 -69.428773
-1617.000000 -940.122904 -71.299402
-1617.000000 -940.830539 -73.170031
-1617.000000 -941.538174 -75.040660
-1617.000000 -942.245809 -76.911289
-1617.000000 -942.953444 -78.781918
-1617.000000 -943.661078 -80.652547
-1617.000000 -944.368713 -82.523176
-1617.000000 -945.076348 -84.393805
-1617.000000 -945.783983 -86.264434
-1617.000000 -946.491618 -88.135063
-1617.000000 -947.199252 -90.005692
-1617.000000 -947.906887 -91.876321
-1617.000000 -948.614522 -93.746950
-1617.000000 -949.322157 -95.617579
-1617.000000 -950.029791 -97.488208
-1617.000000 -950.737426 -99.358837
-1617.000000 -951.445061 -101.229467
-1617.000000 -952.152696 -103.100096
-1617.000000 -952.860331 -104.970725
-1617.000000 -953.567965 -106.841354
-1617.000000 -954.275600 -108.711983
-1617.000000 -954.983235 -110.582612
-1617.000000 -955.690870 -112.453241
-1617.000000 -956.398505 -114.323870
-1617.000000 -957.106139 -116.194499
-1617.000000 -957.813774 -118.065128
-1617.000000 -958.521409 -119.935757
-1617.000000 -959.229044 -121.806386
-1617.000000 -959.936679 -123.677015
-1617.000000 -960.644313 -125.547644
-1617.000000 -961.351948 -127.418273
-1617.000000 -962.059583 -129.288902
-1617.000000 -962.767218 -131.159531
-1617.000000 -963.474853 -133.030160
-1617.000000 -964.182487 -134.900789
-1617.000000 -964.890122 -136.771418
-1617.000000 -965.597757 -138.642047
-1617.000000 -966.305392 -140.512676
-1617.000000 -967.013027 -142.383305
-1617.000000 -967.720661 -144.253934
-1617.000000 -968.428296 -146.124563
-1617.000000 -969.135931 -147.995192
-1617.000000 -969.843566 -149.865822
-1617.000000 -970.551200 -151.736451
-1617.000000 -971.258835 -153.607080
-1617.000000 -971.966470 -155.477709
-1617.000000 -972.674105 -157.348338
-1617.000000 -973.381740 -159.218967
-1617.000000 -974.089374 -161.089596
-1617.000000 -974.797009 -162.960225
-1617.000000 -975.504644 -164.830854
-1617.000000 -976.212279 -166.701483
-1617.000000 -976.919914 -168.572112
-1617.000000 -977.627548 -170.442741
-1617.000000 -978.335183 -172.313370
-1617.000000 -979.042818 -174.183999
-1617.000000 -979.750453 -176.054628
-1617.000000 -980.458088 -177.925257
-1617.000000 -981.165722 -179.795886
-1617.000000 -981.873357 -181.666515
-1617.000000 -982.580992 -183.537144
-1617.000000 -983.288627 -185.407773
-1617.000000 -983.996262 -187.278402
-1617.000000 -984.703896 -189.149031
-1617.000000 -985.411531 -191.019660
-1617.000000 -986.119166 -192.890289
-1617.000000 -986.826801 -194.760918
-1617.000000 -987.534436 -196.631547
-1617.000000 -988.242070 -198.502177
-1617.000000 -988.949705 -200.372806
-1617.000000 -989.657340 -202.243435
-1617.000000 -990.364975 -204.114064
-1617.000000 -991.072609 -205.984693
-1617.000000 -991.780244 -207.855322
-1617.000000 -992.487879 -209.725951
-1617.000000 -993.195514 -211.596580
-1617.000000 -993.903149 -213.467209
-1617.000000 -994.610783 -215.337838
-1617.000000 -995.318418 -217.208467
-1617.000000 -996.026053 -219.079096
-1617.000000 -996.733688 -220.949725
-1617.000000 -997.441323 -222.820354
-1589.552630 -572.000000 -63.406272
-1589.702193 -573.994361 -63.418703
-1589.851756 -575.988722 -63.431133
-1590.001319 -577.983083 -63.443564
-1590.150881 -579.977445 -63.455995
-1590.300444 -581.971806 -63.468425
-1590.450007 -583.966167 -63.480856
-1590.599570 -585.960528 -63.493287
-1590.749132 -587.954889 -63.505717
-1590.898695 -589.949250 -63.518148
-1591.048258 -591.943612 -63.530579
-1591.197821 -593.937973 -63.543009
-1591.347383 -595.932334 -63.555440
-1591.496946 -597.926695 -63.567871
-1591.646509 -599.921056 -63.580301
-1591.796072 -601.915417 -63.592732
-1591.945634 -603.909779 -63.605163
-1592.095197 -605.904140 -63.617593
-1592.244760 -607.898501 -63.630024
-1592.394323 -609.892862 -63.642455
-1592.543885 -611.887223 -63.654885
-1592.693448 -613.881584 -63.667316
-1592.843011 -615.875946 -63.679747
-1592.992574 -617.870307 -63.692177
-1593.142136 -619.864668 -63.704608
-1593.291699 -621.859029 -63.717039
-1593.441262 -623.853390 -63.729469
-1593.590825 -625.847751 -63.741900
-1593.740388 -627.842113 -63.754331
-1593.889950 -629.836474 -63.766761
-1594.039513 -631.830835 -63.779192
-1594.189076 -633.825196 -63.791623
-1594.338639 -635.819557 -63.804053
-1594.488201 -637.813918 -63.816484
-1594.637764 -639.808280 -63.828915
-1594.787327 -641.802641 -63.841345
-1594.936890 -643.797002 -63.853776
-1595.086452 -645.791363 -63.866207
-1595.236015 -647.785724 -63.878637
-1595.385578 -649.780085 -63.891068
-1595.535141 -651.774447 -63.903499
-1595.684703 -653.768808 -63.915929
-1595.834266 -655.763169 -63.928360
-1595.983829 -657.757530 -63.940791
-1596.133392 -659.751891 -63.953221
-1596.282954 -661.746252 -63.965652
-1596.432517 -663.740614 -63.978082
-1596.582080 -665.734975 -63.990513
-1596.731643 -667.729336 -64.002944
-1596.881205 -669.723697 -64.015374
-1597.030768 -671.718058 -64.027805
-1597.180331 -673.712419 -64.040236
-1597.329894 -675.706781 -64.052666
-1597.479456 -677.701142 -64.065097
-1597.629019 -679.695503 -64.077528
-1597.778582 -681.689864 -64.089958
-1597.928145 -683.684225 -64.102389
-1598.077707 -685.678586 -64.114820
-1598.227270 -687.672948 -64.127250
-1598.376833 -689.667309 -64.139681
-1598.526396 -691.661670 -64.152112
-1598.675958 -693.656031 -64.164542
-1598.825521 -695.650392 -64.176973
-1598.975084 -697.644753 -64.189404
-1599.124647 -699.639115 -64.201834
-1599.274209 -701.633476 -64.214265
-1599.423772 -703.627837 -64.226696
-1599.573335 -705.622198 -64.239126
-1599.722898 -707.616559 -64.251557
-1599.872460 -709.610920 -64.263988
-1600.022023 -711.605282 -64.276418
-1600.171586 -713.599643 -64.288849
-1600.321149 -715.594004 -64.301280
-1600.470711 -717.588365 -64.313710
-1600.620274 -719.582726 -64.326141
-1600.769837 -721.577087 -64.338572
-1600.919400 -723.571449 -64.351002
-1601.068962 -725.565810 -64.363433
-1601.218525 -727.560171 -64.375864
-1601.368088 -729.554532 -64.388294
-1601.517651 -731.548893 -64.400725
-1601.667213 -733.543254 -64.413156
-1601.816776 -735.537616 -64.425586
-1601.966339 -737.531977 -64.438017
-1602.115902 -739.526338 -64.450448
-1602.265464 -741.520699 -64.462878
-1602.415027 -743.515060 -64.475309
-1602.564590 -745.509421 -64.487740
-1602.714153 -747.503783 -64.500170
-1602.863716 -749.498144 -64.512601
-1603.013278 -751.492505 -64.525032
-1603.162841 -753.486866 -64.537462
-1603.312404 -755.481227 -64.549893
-1603.461967 -757.475588 -64.562324
-1603.611529 -759.469950 -64.574754
-1603.761092 -761.464311 -64.587185
-1603.910655 -763.458672 -64.599616
-1604.060218 -765.453033 -64.612046
-1604.209780 -767.447394 -64.624477
-1604.359343 -769.441755 -64.636908
-1604.508906 -771.436117 -64.649338
-1604.658469 -773.430478 -64.661769
-1604.808031 -775.424839 -64.674199
-1604.957594 -777.419200 -64.686630
-1605.107157 -779.413561 -64.699061
-1605.256720 -781.407922 -64.711491
-1605.406282 -783.402284 -64.723922
-1605.555845 -785.396645 -64.736353
-1605.705408 -787.391006 -64.748783
-1605.854971 -789.385367 -64.761214
-1606.004533 -791.379728 -64.773645
-1606.154096 -793.374089 -64.786075
-1606.303659 -795.368451 -64.798506
-1606.453222 -797.362812 -64.810937
-1606.602784 -799.357173 -64.823367
-1606.752347 -801.351534 -64.835798
-1606.901910 -803.345895 -64.848229
-1607.051473 -805.340256 -64.860659
-1607.201035 -807.334618 -64.873090
-1607.350598 -809.328979 -64.885521
-1607.500161 -811.323340 -64.897951
-1607.649724 -813.317701 -64.910382
-1607.799286 -815.312062 -64.922813
-1607.948849 -817.306423 -64.935243
-1608.098412 -819.300785 -64.947674
-1608.247975 -821.295146 -64.960105
-1608.397537 -823.289507 -64.972535
-1608.547100 -825.283868 -64.984966
-1608.696663 -827.278229 -64.997397
-1608.846226 -829.272590 -65.009827
-1608.995788 -831.266952 -65.022258
-1609.145351 -833.261313 -65.034689
-1609.294914 -835.255674 -65.047119
-1609.444477 -837.250035 -65.059550
-1609.594039 -839.244396 -65.071981
-1609.743602 -841.238757 -65.084411
-1609.893165 -843.233119 -65.096842
-1610.042728 -845.227480 -65.109273
-1610.192290 -847.221841 -65.121703
-1610.341853 -849.216202 -65.134134
-1610.491416 -851.210563 -65.146565
-1610.640979 -853.204924 -65.158995
-1610.790541 -855.199286 -65.171426
-1610.940104 -857.193647 -65.183857
-1611.089667 -859.188008 -65.196287
-1611.239230 -861.182369 -65.208718
-1611.388793 -863.176730 -65.221149
-1611.538355 -865.171091 -65.233579
-1611.687918 -867.165453 -65.246010
-1611.837481 -869.159814 -65.258441
-1611.987044 -871.154175 -65.270871
-1612.136606 -873.148536 -65.283302
-1612.286169 -875.142897 -65.295733
-1612.435732 -877.137258 -65.308163
-1612.585295 -879.131620 -65.320594
-1612.734857 -881.125981 -65.333025
-1612.884420 -883.120342 -65.345455
-1613.033983 -885.114703 -65.357886
-1613.183546 -887.109064 -65.370316
-1613.333108 -889.103425 -65.382747
-1613.482671 -891.097787 -65.395178
-1613.632234 -893.092148 -65.407608
-1613.781797 -895.086509 -65.420039
-1613.931359 -897.080870 -65.432470
-1614.080922 -899.075231 -65.444900
-1614.230485 -901.069592 -65.457331
-1614.380048 -903.063954 -65.469762
-1614.529610 -905.058315 -65.482192
-1614.679173 -907.052676 -65.494623
-1614.828736 -909.047037 -65.507054
-1614.978299 -911.041398 -65.519484
-1615.127861 -913.035759 -65.531915
-1615.277424 -915.030121 -65.544346
-1615.426987 -917.024482 -65.556776
-1615.576550 -919.018843 -65.569207
-1615.726112 -921.013204 -65.581638
-1615.875675 -923.007565 -65.594068
-1616.025238 -925.001926 -65.606499
-1616.174801 -926.996288 -65.618930
-1616.324363 -928.990649 -65.631360
-1616.473926 -930.985010 -65.643791
-1616.623489 -932.979371 -65.656222
-1616.773052 -934.973732 -65.668652
-1617.000000 -542.999969 -63.312525
-1615.625210 -544.452529 -63.317220
-1614.250420 -545.905089 -63.321916
-1612.875630 -547.357649 -63.326611
-1611.500840 -548.810209 -63.331307
-1610.126050 -550.262769 -63.336003
-1608.751260 -551.715329 -63.340698
-1607.376470 -553.167889 -63.345394
-1606.001680 -554.620449 -63.350090
-1604.626891 -556.073009 -63.354785
-1603.252101 -557.525569 -63.359481
-1601.877311 -558.978129 -63.364177
-1600.502521 -560.430689 -63.368872
-1599.127731 -561.883249 -63.373568
-1597.752941 -563.335809 -63.378264
-1596.378151 -564.788369 -63.382959
-1595.003361 -566.240929 -63.387655
-1593.628571 -567.693489 -63.392351
-1592.253781 -569.146049 -63.397046
-1620.500010 -550.235308 -93.083321
-1620.273007 -549.766039 -91.152451
-1620.046004 -549.296771 -89.221582
-1619.819001 -548.827502 -87.290712
-1619.591998 -548.358234 -85.359843
-1619.364995 -547.888965 -83.428974
-1619.137991 -547.419697 -81.498104
-1618.910988 -546.950429 -79.567235
-1618.683985 -546.481160 -77.636365
-1618.456982 -546.011892 -75.705496
-1618.229979 -545.542623 -73.774626
-1618.002976 -545.073355 -71.843757
-1617.775973 -544.604086 -69.912888
-1617.548970 -544.134818 -67.982018
-1617.321967 -543.665550 -66.051149
-1619.333351 -554.823493 63.000000
-1619.348294 -554.764729 61.000919
-1619.363236 -554.705965 59.001839
-1619.378178 -554.647200 57.002758
-1619.393121 -554.588436 55.003677
-1619.408063 -554.529671 53.004597
-1619.423005 -554.470907 51.005516
-1619.437947 -554.412142 49.006435
-1619.452890 -554.353378 47.007355
-1619.467832 -554.294613 45.008274
-1619.482774 -554.235849 43.009193
-1619.497717 -554.177084 41.010113
-1619.512659 -554.118320 39.011032
-1619.527601 -554.059555 37.011951
-1619.542544 -554.000791 35.012871
-1619.557486 -553.942026 33.013790
-1619.572428 -553.883262 31.014710
-1619.587370 -553.824498 29.015629
-1619.602313 -553.765733 27.016548
-1619.617255 -553.706969 25.017468
-1619.632197 -553.648204 23.018387
-1619.647140 -553.589440 21.019306
-1619.662082 -553.530675 19.020226
-1619.677024 -553.471911 17.021145
-1619.691967 -553.413146 15.022064
-1619.706909 -553.354382 13.022984
-1619.721851 -553.295617 11.023903
-1619.736794 -553.236853 9.024822
-1619.751736 -553.178088 7.025742
-1619.766678 -553.119324 5.026661
-1619.781620 -553.060559 3.027580
-1619.796563 -553.001795 1.028500
-1619.811505 -552.943030 -0.970581
-1619.826447 -552.884266 -2.969662
-1619.841390 -552.825502 -4.968742
-1619.856332 -552.766737 -6.967823
-1619.871274 -552.707973 -8.966904
-1619.886217 -552.649208 -10.965984
-1619.901159 -552.590444 -12.965065
-1619.916101 -552.531679 -14.964146
-1619.931044 -552.472915 -16.963226
-1619.945986 -552.414150 -18.962307
-1619.960928 -552.355386 -20.961388
-1619.975870 -552.296621 -22.960468
-1619.990813 -552.237857 -24.959549
-1620.005755 -552.179092 -26.958629
-1620.020697 -552.120328 -28.957710
-1620.035640 -552.061563 -30.956791
-1620.050582 -552.002799 -32.955871
-1620.065524 -551.944034 -34.954952
-1620.080467 -551.885270 -36.954033
-1620.095409 -551.826506 -38.953113
-1620.110351 -551.767741 -40.952194
-1620.125293 -551.708977 -42.951275
-1620.140236 -551.650212 -44.950355
-1620.155178 -551.591448 -46.949436
-1620.170120 -551.532683 -48.948517
-1620.185063 -551.473919 -50.947597
-1620.200005 -551.415154 -52.946678
-1620.214947 -551.356390 -54.945759
-1620.229890 -551.297625 -56.944839
-1620.244832 -551.238861 -58.943920
-1620.259774 -551.180096 -60.943001
-1620.274717 -551.121332 -62.942081
-1620.289659 -551.062567 -64.941162
-1620.304601 -551.003803 -66.940243
-1620.319543 -550.945038 -68.939323
-1620.334486 -550.886274 -70.938404
-1620.349428 -550.827510 -72.937485
-1620.364370 -550.768745 -74.936565
-1620.379313 -550.709981 -76.935646
-1620.394255 -550.651216 -78.934726
-1620.409197 -550.592452 -80.933807
-1620.424140 -550.533687 -82.932888
-1620.439082 -550.474923 -84.931968
-1620.454024 -550.416158 -86.931049
-1620.468966 -550.357394 -88.930130
-1620.483909 -550.298629 -90.929210
-1632.500000 -425.500000 64.000000
-1632.297430 -427.489655 63.984615
-1632.094859 -429.479311 63.969230
-1631.892289 -431.468966 63.953845
-1631.689719 -433.458622 63.938460
-1631.487149 -435.448277 63.923074
-1631.284578 -437.437932 63.907689
-1631.082008 -439.427588 63.892304
-1630.879438 -441.417243 63.876919
-1630.676868 -443.406899 63.861534
-1630.474297 -445.396554 63.846149
-1630.271727 -447.386209 63.830764
-1630.069157 -449.375865 63.815379
-1629.866587 -451.365520 63.799994
-1629.664016 -453.355176 63.784609
-1629.461446 -455.344831 63.769223
-1629.258876 -457.334486 63.753838
-1629.056306 -459.324142 63.738453
-1628.853735 -461.313797 63.723068
-1628.651165 -463.303452 63.707683
-1628.448595 -465.293108 63.692298
-1628.246025 -467.282763 63.676913
-1628.043454 -469.272419 63.661528
-1627.840884 -471.262074 63.646143
-1627.638314 -473.251729 63.630758
-1627.435744 -475.241385 63.615372
-1627.233173 -477.231040 63.599987
-1627.030603 -479.220696 63.584602
-1626.828033 -481.210351 63.569217
-1626.625462 -483.200006 63.553832
-1626.422892 -485.189662 63.538447
-1626.220322 -487.179317 63.523062
-1626.017752 -489.168973 63.507677
-1625.815181 -491.158628 63.492292
-1625.612611 -493.148283 63.476906
-1625.410041 -495.137939 63.461521
-1625.207471 -497.127594 63.446136
-1625.004900 -499.117250 63.430751
-1624.802330 -501.106905 63.415366
-1624.599760 -503.096560 63.399981
-1624.397190 -505.086216 63.384596
-1624.194619 -507.075871 63.369211
-1623.992049 -509.065527 63.353826
-1623.789479 -511.055182 63.338441
-1623.586909 -513.044837 63.323055
-1623.384338 -515.034493 63.307670
-1623.181768 -517.024148 63.292285
-1622.979198 -519.013804 63.276900
-1622.776628 -521.003459 63.261515
-1622.574057 -522.993114 63.246130
-1622.371487 -524.982770 63.230745
-1622.168917 -526.972425 63.215360
-1621.966347 -528.962081 63.199975
-1621.763776 -530.951736 63.184589
-1621.561206 -532.941391 63.169204
-1621.358636 -534.931047 63.153819
-1621.156065 -536.920702 63.138434
-1620.953495 -538.910357 63.123049
-1620.750925 -540.900013 63.107664
-1620.548355 -542.889668 63.092279
-1620.345784 -544.879324 63.076894
-1620.143214 -546.868979 63.061509
-1619.940644 -548.858634 63.046124
-1619.738074 -550.848290 63.030738
-1676.000000 -285.000000 64.000000
-1675.408485 -286.910526 64.000000
-1674.816970 -288.821052 64.000000
-1674.225454 -290.731578 64.000000
-1673.633939 -292.642104 64.000000
-1673.042424 -294.552630 64.000000
-1672.450909 -296.463156 64.000000
-1671.859394 -298.373682 64.000000
-1671.267879 -300.284208 64.000000
-1670.676363 -302.194734 64.000000
-1670.084848 -304.105261 64.000000
-1669.493333 -306.015787 64.000000
-1668.901818 -307.926313 64.000000
-1668.310303 -309.836839 64.000000
-1667.718787 -311.747365 64.000000
-1667.127272 -313.657891 64.000000
-1666.535757 -315.568417 64.000000
-1665.944242 -317.478943 64.000000
-1665.352727 -319.389469 64.000000
-1664.761212 -321.299995 64.000000
-1664.169696 -323.210521 64.000000
-1663.578181 -325.121047 64.000000
-1662.986666 -327.031573 64.000000
-1662.395151 -328.942099 64.000000
-1661.803636 -330.852625 64.000000
-1661.212120 -332.763151 64.000000
-1660.620605 -334.673677 64.000000
-1660.029090 -336.584203 64.000000
-1659.437575 -338.494729 64.000000
-1658.846060 -340.405255 64.000000
-1658.254545 -342.315782 64.000000
-1657.663029 -344.226308 64.000000
-1657.071514 -346.136834 64.000000
-1656.479999 -348.047360 64.000000
-1655.888484 -349.957886 64.000000
-1655.296969 -351.868412 64.000000
-1654.705453 -353.778938 64.000000
-1654.113938 -355.689464 64.000000
-1653.522423 -357.599990 64.000000
-1652.930908 -359.510516 64.000000
-1652.339393 -361.421042 64.000000
-1651.747878 -363.331568 64.000000
-1651.156362 -365.242094 64.000000
-1650.564847 -367.152620 64.000000
-1649.973332 -369.063146 64.000000
-1649.381817 -370.973672 64.000000
-1648.790302 -372.884198 64.000000
-1648.198786 -374.794724 64.000000
-1647.607271 -376.705250 64.000000
-1647.015756 -378.615776 64.000000
-1646.424241 -380.526303 64.000000
-1645.832726 -382.436829 64.000000
-1645.241210 -384.347355 64.000000
-1644.649695 -386.257881 64.000000
-1644.058180 -388.168407 64.000000
-1643.466665 -390.078933 64.000000
-1642.875150 -391.989459 64.000000
-1642.283635 -393.899985 64.000000
-1641.692119 -395.810511 64.000000
-1641.100604 -397.721037 64.000000
-1640.509089 -399.631563 64.000000
-1639.917574 -401.542089 64.000000
-1639.326059 -403.452615 64.000000
-1638.734543 -405.363141 64.000000
-1638.143028 -407.273667 64.000000
-1637.551513 -409.184193 64.000000
-1636.959998 -411.094719 64.000000
-1636.368483 -413.005245 64.000000
-1635.776968 -414.915771 64.000000
-1635.185452 -416.826297 64.000000
-1634.593937 -418.736824 64.000000
-1634.002422 -420.647350 64.000000
-1633.410907 -422.557876 64.000000
-1665.433335 -568.535770 63.000000
-1665.507818 -566.537170 63.007049
-1665.582300 -564.538570 63.014098
-1665.656783 -562.539970 63.021147
-1665.731266 -560.541370 63.028195
-1665.805749 -558.542770 63.035244
-1665.880232 -556.544169 63.042293
-1665.954714 -554.545569 63.049342
-1666.029197 -552.546969 63.056391
-1666.103680 -550.548369 63.063440
-1666.178163 -548.549769 63.070488
-1666.252646 -546.551169 63.077537
-1666.327128 -544.552568 63.084586
-1666.401611 -542.553968 63.091635
-1666.476094 -540.555368 63.098684
-1666.550577 -538.556768 63.105733
-1666.625060 -536.558168 63.112782
-1666.699542 -534.559568 63.119830
-1666.774025 -532.560967 63.126879
-1666.848508 -530.562367 63.133928
-1666.922991 -528.563767 63.140977
-1666.997474 -526.565167 63.148026
-1667.071956 -524.566567 63.155075
-1667.146439 -522.567967 63.162123
-1667.220922 -520.569366 63.169172
-1667.295405 -518.570766 63.176221
-1667.369888 -516.572166 63.183270
-1667.444370 -514.573566 63.190319
-1667.518853 -512.574966 63.197368
-1667.593336 -510.576366 63.204417
-1667.667819 -508.577765 63.211465
-1667.742302 -506.579165 63.218514
-1667.816785 -504.580565 63.225563
-1667.891267 -502.581965 63.232612
-1667.965750 -500.583365 63.239661
-1668.040233 -498.584765 63.246710
-1668.114716 -496.586164 63.253758
-1668.189199 -494.587564 63.260807
-1668.263681 -492.588964 63.267856
-1668.338164 -490.590364 63.274905
-1668.412647 -488.591764 63.281954
-1668.487130 -486.593164 63.289003
-1668.561613 -484.594563 63.296052
-1668.636095 -482.595963 63.303100
-1668.710578 -480.597363 63.310149
-1668.785061 -478.598763 63.317198
-1668.859544 -476.600163 63.324247
-1668.934027 -474.601563 63.331296
-1669.008509 -472.602962 63.338345
-1669.082992 -470.604362 63.345393
-1669.157475 -468.605762 63.352442
-1669.231958 -466.607162 63.359491
-1669.306441 -464.608562 63.366540
-1669.380923 -462.609962 63.373589
-1669.455406 -460.611361 63.380638
-1669.529889 -458.612761 63.387687
-1669.604372 -456.614161 63.394735
-1669.678855 -454.615561 63.401784
-1669.753337 -452.616961 63.408833
-1669.827820 -450.618361 63.415882
-1669.902303 -448.619760 63.422931
-1669.976786 -446.621160 63.429980
-1670.051269 -444.622560 63.437028
-1670.125751 -442.623960 63.444077
-1670.200234 -440.625360 63.451126
-1670.274717 -438.626760 63.458175
-1670.349200 -436.628159 63.465224
-1670.423683 -434.629559 63.472273
-1670.498165 -432.630959 63.479322
-1670.572648 -430.632359 63.486370
-1670.647131 -428.633759 63.493419
-1670.721614 -426.635159 63.500468
-1670.796097 -424.636558 63.507517
-1670.870579 -422.637958 63.514566
-1670.945062 -420.639358 63.521615
-1671.019545 -418.640758 63.528663
-1671.094028 -416.642158 63.535712
-1671.168511 -414.643558 63.542761
-1671.242993 -412.644957 63.549810
-1671.317476 -410.646357 63.556859
-1671.391959 -408.647757 63.563908
-1671.466442 -406.649157 63.570957
-1671.540925 -404.650557 63.578005
-1671.615407 -402.651957 63.585054
-1671.689890 -400.653356 63.592103
-1671.764373 -398.654756 63.599152
-1671.838856 -396.656156 63.606201
-1671.913339 -394.657556 63.613250
-1671.987821 -392.658956 63.620299
-1672.062304 -390.660356 63.627347
-1672.136787 -388.661755 63.634396
-1672.211270 -386.663155 63.641445
-1672.285753 -384.664555 63.648494
-1672.360235 -382.665955 63.655543
-1672.434718 -380.667355 63.662592
-1672.509201 -378.668755 63.669640
-1672.583684 -376.670154 63.676689
-1672.658167 -374.671554 63.683738
-1672.732649 -372.672954 63.690787
-1672.807132 -370.674354 63.697836
-1672.881615 -368.675754 63.704885
-1672.956098 -366.677154 63.711934
-1673.030581 -364.678553 63.718982
-1673.105063 -362.679953 63.726031
-1673.179546 -360.681353 63.733080
-1673.254029 -358.682753 63.740129
-1673.328512 -356.684153 63.747178
-1673.402995 -354.685553 63.754227
-1673.477477 -352.686952 63.761275
-1673.551960 -350.688352 63.768324
-1673.626443 -348.689752 63.775373
-1673.700926 -346.691152 63.782422
-1673.775409 -344.692552 63.789471
-1673.849892 -342.693952 63.796520
-1673.924374 -340.695351 63.803569
-1673.998857 -338.696751 63.810617
-1674.073340 -336.698151 63.817666
-1674.147823 -334.699551 63.824715
-1674.222306 -332.700951 63.831764
-1674.296788 -330.702351 63.838813
-1674.371271 -328.703750 63.845862
-1674.445754 -326.705150 63.852910
-1674.520237 -324.706550 63.859959
-1674.594720 -322.707950 63.867008
-1674.669202 -320.709350 63.874057
-1674.743685 -318.710750 63.881106
-1674.818168 -316.712149 63.888155
-1674.892651 -314.713549 63.895204
-1674.967134 -312.714949 63.902252
-1675.041616 -310.716349 63.909301
-1675.116099 -308.717749 63.916350
-1675.190582 -306.719149 63.923399
-1675.265065 -304.720548 63.930448
-1675.339548 -302.721948 63.937497
-1675.414030 -300.723348 63.944545
-1675.488513 -298.724748 63.951594
-1675.562996 -296.726148 63.958643
-1675.637479 -294.727548 63.965692
-1675.711962 -292.728947 63.972741
-1675.786444 -290.730347 63.979790
-1675.860927 -288.731747 63.986839
-1666.866649 -568.000058 -100.500000
-1666.849117 -568.006611 -98.500088
-1666.831585 -568.013164 -96.500175
-1666.814053 -568.019717 -94.500263
-1666.796521 -568.026269 -92.500350
-1666.778989 -568.032822 -90.500438
-1666.761456 -568.039375 -88.500525
-1666.743924 -568.045928 -86.500613
-1666.726392 -568.052480 -84.500701
-1666.708860 -568.059033 -82.500788
-1666.691328 -568.065586 -80.500876
-1666.673796 -568.072139 -78.500963
-1666.656264 -568.078691 -76.501051
-1666.638732 -568.085244 -74.501139
-1666.621199 -568.091797 -72.501226
-1666.603667 -568.098350 -70.501314
-1666.586135 -568.104903 -68.501401
-1666.568603 -568.111455 -66.501489
-1666.551071 -568.118008 -64.501576
-1666.533539 -568.124561 -62.501664
-1666.516007 -568.131114 -60.501752
-1666.498475 -568.137666 -58.501839
-1666.480942 -568.144219 -56.501927
-1666.463410 -568.150772 -54.502014
-1666.445878 -568.157325 -52.502102
-1666.428346 -568.163877 -50.502190
-1666.410814 -568.170430 -48.502277
-1666.393282 -568.176983 -46.502365
-1666.375750 -568.183536 -44.502452
-1666.358217 -568.190089 -42.502540
-1666.340685 -568.196641 -40.502627
-1666.323153 -568.203194 -38.502715
-1666.305621 -568.209747 -36.502803
-1666.288089 -568.216300 -34.502890
-1666.270557 -568.222852 -32.502978
-1666.253025 -568.229405 -30.503065
-1666.235493 -568.235958 -28.503153
-1666.217960 -568.242511 -26.503240
-1666.200428 -568.249063 -24.503328
-1666.182896 -568.255616 -22.503416
-1666.165364 -568.262169 -20.503503
-1666.147832 -568.268722 -18.503591
-1666.130300 -568.275274 -16.503678
-1666.112768 -568.281827 -14.503766
-1666.095236 -568.288380 -12.503854
-1666.077703 -568.294933 -10.503941
-1666.060171 -568.301486 -8.504029
-1666.042639 -568.308038 -6.504116
-1666.025107 -568.314591 -4.504204
-1666.007575 -568.321144 -2.504291
-1665.990043 -568.327697 -0.504379
-1665.972511 -568.334249 1.495533
-1665.954978 -568.340802 3.495446
-1665.937446 -568.347355 5.495358
-1665.919914 -568.353908 7.495271
-1665.902382 -568.360460 9.495183
-1665.884850 -568.367013 11.495095
-1665.867318 -568.373566 13.495008
-1665.849786 -568.380119 15.494920
-1665.832254 -568.386672 17.494833
-1665.814721 -568.393224 19.494745
-1665.797189 -568.399777 21.494658
-1665.779657 -568.406330 23.494570
-1665.762125 -568.412883 25.494482
-1665.744593 -568.419435 27.494395
-1665.727061 -568.425988 29.494307
-1665.709529 -568.432541 31.494220
-1665.691997 -568.439094 33.494132
-1665.674464 -568.445646 35.494045
-1665.656932 -568.452199 37.493957
-1665.639400 -568.458752 39.493869
-1665.621868 -568.465305 41.493782
-1665.604336 -568.471857 43.493694
-1665.586804 -568.478410 45.493607
-1665.569272 -568.484963 47.493519
-1665.551739 -568.491516 49.493431
-1665.534207 -568.498069 51.493344
-1665.516675 -568.504621 53.493256
-1665.499143 -568.511174 55.493169
-1665.481611 -568.517727 57.493081
-1665.464079 -568.524280 59.492994
-1676.500003 -262.357189 -100.500000
-1676.436998 -264.356196 -100.500000
-1676.373992 -266.355203 -100.500000
-1676.310987 -268.354211 -100.500000
-1676.247981 -270.353218 -100.500000
-1676.184976 -272.352225 -100.500000
-1676.121971 -274.351233 -100.500000
-1676.058965 -276.350240 -100.500000
-1675.995960 -278.349247 -100.500000
-1675.932955 -280.348255 -100.500000
-1675.869949 -282.347262 -100.500000
-1675.806944 -284.346269 -100.500000
-1675.743938 -286.345277 -100.500000
-1675.680933 -288.344284 -100.500000
-1675.617928 -290.343291 -100.500000
-1675.554922 -292.342299 -100.500000
-1675.491917 -294.341306 -100.500000
-1675.428911 -296.340313 -100.500000
-1675.365906 -298.339321 -100.500000
-1675.302901 -300.338328 -100.500000
-1675.239895 -302.337335 -100.500000
-1675.176890 -304.336343 -100.500000
-1675.113885 -306.335350 -100.500000
-1675.050879 -308.334357 -100.500000
-1674.987874 -310.333365 -100.500000
-1674.924868 -312.332372 -100.500000
-1674.861863 -314.331379 -100.500000
-1674.798858 -316.330387 -100.500000
-1674.735852 -318.329394 -100.500000
-1674.672847 -320.328401 -100.500000
-1674.609842 -322.327409 -100.500000
-1674.546836 -324.326416 -100.500000
-1674.483831 -326.325423 -100.500000
-1674.420825 -328.324431 -100.500000
-1674.357820 -330.323438 -100.500000
-1674.294815 -332.322445 -100.500000
-1674.231809 -334.321453 -100.500000
-1674.168804 -336.320460 -100.500000
-1674.105799 -338.319467 -100.500000
-1674.042793 -340.318475 -100.500000
-1673.979788 -342.317482 -100.500000
-1673.916782 -344.316489 -100.500000
-1673.853777 -346.315497 -100.500000
-1673.790772 -348.314504 -100.500000
-1673.727766 -350.313511 -100.500000
-1673.664761 -352.312519 -100.500000
-1673.601756 -354.311526 -100.500000
-1673.538750 -356.310533 -100.500000
-1673.475745 -358.309541 -100.500000
-1673.412739 -360.308548 -100.500000
-1673.349734 -362.307555 -100.500000
-1673.286729 -364.306563 -100.500000
-1673.223723 -366.305570 -100.500000
-1673.160718 -368.304577 -100.500000
-1673.097712 -370.303585 -100.500000
-1673.034707 -372.302592 -100.500000
-1672.971702 -374.301599 -100.500000
-1672.908696 -376.300607 -100.500000
-1672.845691 -378.299614 -100.500000
-1672.782686 -380.298621 -100.500000
-1672.719680 -382.297629 -100.500000
-1672.656675 -384.296636 -100.500000
-1672.593669 -386.295643 -100.500000
-1672.530664 -388.294651 -100.500000
-1672.467659 -390.293658 -100.500000
-1672.404653 -392.292665 -100.500000
-1672.341648 -394.291673 -100.500000
-1672.278643 -396.290680 -100.500000
-1672.215637 -398.289687 -100.500000
-1672.152632 -400.288695 -100.500000
-1672.089626 -402.287702 -100.500000
-1672.026621 -404.286709 -100.500000
-1671.963616 -406.285717 -100.500000
-1671.900610 -408.284724 -100.500000
-1671.837605 -410.283731 -100.500000
-1671.774600 -412.282739 -100.500000
-1671.711594 -414.281746 -100.500000
-1671.648589 -416.280753 -100.500000
-1671.585583 -418.279761 -100.500000
-1671.522578 -420.278768 -100.500000
-1671.459573 -422.277775 -100.500000
-1671.396567 -424.276783 -100.500000
-1671.333562 -426.275790 -100.500000
-1671.270557 -428.274797 -100.500000
-1671.207551 -430.273805 -100.500000
-1671.144546 -432.272812 -100.500000
-1671.081540 -434.271819 -100.500000
-1671.018535 -436.270827 -100.500000
-1670.955530 -438.269834 -100.500000
-1670.892524 -440.268841 -100.500000
-1670.829519 -442.267849 -100.500000
-1670.766513 -444.266856 -100.500000
-1670.703508 -446.265863 -100.500000
-1670.640503 -448.264871 -100.500000
-1670.577497 -450.263878 -100.500000
-1670.514492 -452.262885 -100.500000
-1670.451487 -454.261893 -100.500000
-1670.388481 -456.260900 -100.500000
-1670.325476 -458.259907 -100.500000
-1670.262470 -460.258915 -100.500000
-1670.199465 -462.257922 -100.500000
-1670.136460 -464.256929 -100.500000
-1670.073454 -466.255937 -100.500000
-1670.010449 -468.254944 -100.500000
-1669.947444 -470.253951 -100.500000
-1669.884438 -472.252959 -100.500000
-1669.821433 -474.251966 -100.500000
-1669.758427 -476.250973 -100.500000
-1669.695422 -478.249981 -100.500000
-1669.632417 -480.248988 -100.500000
-1669.569411 -482.247995 -100.500000
-1669.506406 -484.247003 -100.500000
-1669.443401 -486.246010 -100.500000
-1669.380395 -488.245017 -100.500000
-1669.317390 -490.244025 -100.500000
-1669.254384 -492.243032 -100.500000
-1669.191379 -494.242039 -100.500000
-1669.128374 -496.241047 -100.500000
-1669.065368 -498.240054 -100.500000
-1669.002363 -500.239061 -100.500000
-1668.939358 -502.238069 -100.500000
-1668.876352 -504.237076 -100.500000
-1668.813347 -506.236083 -100.500000
-1668.750341 -508.235091 -100.500000
-1668.687336 -510.234098 -100.500000
-1668.624331 -512.233105 -100.500000
-1668.561325 -514.232113 -100.500000
-1668.498320 -516.231120 -100.500000
-1668.435314 -518.230127 -100.500000
-1668.372309 -520.229135 -100.500000
-1668.309304 -522.228142 -100.500000
-1668.246298 -524.227149 -100.500000
-1668.183293 -526.226157 -100.500000
-1668.120288 -528.225164 -100.500000
-1668.057282 -530.224171 -100.500000
-1667.994277 -532.223179 -100.500000
-1667.931271 -534.222186 -100.500000
-1667.868266 -536.221193 -100.500000
-1667.805261 -538.220201 -100.500000
-1667.742255 -540.219208 -100.500000
-1667.679250 -542.218215 -100.500000
-1667.616245 -544.217223 -100.500000
-1667.553239 -546.216230 -100.500000
-1667.490234 -548.215237 -100.500000
-1667.427228 -550.214245 -100.500000
-1667.364223 -552.213252 -100.500000
-1667.301218 -554.212259 -100.500000
-1667.238212 -556.211267 -100.500000
-1667.175207 -558.210274 -100.500000
-1667.112202 -560.209281 -100.500000
-1667.049196 -562.208289 -100.500000
-1666.986191 -564.207296 -100.500000
-1688.000000 -117.857207 -100.500000
-1687.841332 -119.850903 -100.500000
-1687.682664 -121.844599 -100.500000
-1687.523996 -123.838295 -100.500000
-1687.365329 -125.831992 -100.500000
-1687.206661 -127.825688 -100.500000
-1687.047993 -129.819384 -100.500000
-1686.889325 -131.813080 -100.500000
-1686.730657 -133.806776 -100.500000
-1686.571989 -135.800473 -100.500000
-1686.413322 -137.794169 -100.500000
-1686.254654 -139.787865 -100.500000
-1686.095986 -141.781561 -100.500000
-1685.937318 -143.775257 -100.500000
-1685.778650 -145.768954 -100.500000
-1685.619982 -147.762650 -100.500000
-1685.461315 -149.756346 -100.500000
-1685.302647 -151.750042 -100.500000
-1685.143979 -153.743738 -100.500000
-1684.985311 -155.737435 -100.500000
-1684.826643 -157.731131 -100.500000
-1684.667975 -159.724827 -100.500000
-1684.509307 -161.718523 -100.500000
-1684.350640 -163.712219 -100.500000
-1684.191972 -165.705915 -100.500000
-1684.033304 -167.699612 -100.500000
-1683.874636 -169.693308 -100.500000
-1683.715968 -171.687004 -100.500000
-1683.557300 -173.680700 -100.500000
-1683.398633 -175.674396 -100.500000
-1683.239965 -177.668093 -100.500000
-1683.081297 -179.661789 -100.500000
-1682.922629 -181.655485 -100.500000
-1682.763961 -183.649181 -100.500000
-1682.605293 -185.642877 -100.500000
-1682.446625 -187.636574 -100.500000
-1682.287958 -189.630270 -100.500000
-1682.129290 -191.623966 -100.500000
-1681.970622 -193.617662 -100.500000
-1681.811954 -195.611358 -100.500000
-1681.653286 -197.605055 -100.500000
-1681.494618 -199.598751 -100.500000
-1681.335951 -201.592447 -100.500000
-1681.177283 -203.586143 -100.500000
-1681.018615 -205.579839 -100.500000
-1680.859947 -207.573536 -100.500000
-1680.701279 -209.567232 -100.500000
-1680.542611 -211.560928 -100.500000
-1680.383944 -213.554624 -100.500000
-1680.225276 -215.548320 -100.500000
-1680.066608 -217.542017 -100.500000
-1679.907940 -219.535713 -100.500000
-1679.749272 -221.529409 -100.500000
-1679.590604 -223.523105 -100.500000
-1679.431936 -225.516801 -100.500000
-1679.273269 -227.510497 -100.500000
-1679.114601 -229.504194 -100.500000
-1678.955933 -231.497890 -100.500000
-1678.797265 -233.491586 -100.500000
-1678.638597 -235.485282 -100.500000
-1678.479929 -237.478978 -100.500000
-1678.321262 -239.472675 -100.500000
-1678.162594 -241.466371 -100.500000
-1678.003926 -243.460067 -100.500000
-1677.845258 -245.453763 -100.500000
-1677.686590 -247.447459 -100.500000
-1677.527922 -249.441156 -100.500000
-1677.369255 -251.434852 -100.500000
-1677.210587 -253.428548 -100.500000
-1677.051919 -255.422244 -100.500000
-1676.893251 -257.415940 -100.500000
-1676.734583 -259.409637 -100.500000
-1700.000000 -572.000000 -215.500000
-1699.948787 -570.061831 -215.009208
-1699.897574 -568.123661 -214.518417
-1699.846361 -566.185492 -214.027625
-1699.795148 -564.247322 -213.536833
-1699.743935 -562.309153 -213.046042
-1699.692722 -560.370983 -212.555250
-1699.641509 -558.432814 -212.064459
-1699.590296 -556.494644 -211.573667
-1699.539083 -554.556475 -211.082875
-1699.487870 -552.618306 -210.592084
-1699.436657 -550.680136 -210.101292
-1699.385444 -548.741967 -209.610500
-1699.334230 -546.803797 -209.119709
-1699.283017 -544.865628 -208.628917
-1699.231804 -542.927458 -208.138125
-1699.180591 -540.989289 -207.647334
-1699.129378 -539.051119 -207.156542
-1699.078165 -537.112950 -206.665750
-1699.026952 -535.174781 -206.174959
-1698.975739 -533.236611 -205.684167
-1698.924526 -531.298442 -205.193376
-1698.873313 -529.360272 -204.702584
-1698.822100 -527.422103 -204.211792
-1698.770887 -525.483933 -203.721001
-1698.719674 -523.545764 -203.230209
-1698.668461 -521.607594 -202.739417
-1698.617248 -519.669425 -202.248626
-1698.566035 -517.731256 -201.757834
-1698.514822 -515.793086 -201.267042
-1698.463609 -513.854917 -200.776251
-1698.412396 -511.916747 -200.285459
-1698.361183 -509.978578 -199.794668
-1698.309970 -508.040408 -199.303876
-1698.258757 -506.102239 -198.813084
-1698.207544 -504.164069 -198.322293
-1698.156331 -502.225900 -197.831501
-1698.105117 -500.287731 -197.340709
-1698.053904 -498.349561 -196.849918
-1698.002691 -496.411392 -196.359126
-1697.951478 -494.473222 -195.868334
-1697.900265 -492.535053 -195.377543
-1697.849052 -490.596883 -194.886751
-1697.797839 -488.658714 -194.395960
-1697.746626 -486.720544 -193.905168
-1697.695413 -484.782375 -193.414376
-1697.644200 -482.844206 -192.923585
-1697.592987 -480.906036 -192.432793
-1697.541774 -478.967867 -191.942001
-1697.490561 -477.029697 -191.451210
-1697.439348 -475.091528 -190.960418
-1697.388135 -473.153358 -190.469626
-1697.336922 -471.215189 -189.978835
-1697.285709 -469.277020 -189.488043
-1697.234496 -467.338850 -188.997251
-1697.183283 -465.400681 -188.506460
-1697.132070 -463.462511 -188.015668
-1697.080857 -461.524342 -187.524877
-1697.029644 -459.586172 -187.034085
-1696.978431 -457.648003 -186.543293
-1696.927218 -455.709833 -186.052502
-1696.876005 -453.771664 -185.561710
-1696.824791 -451.833495 -185.070918
-1696.773578 -449.895325 -184.580127
-1696.722365 -447.957156 -184.089335
-1696.671152 -446.018986 -183.598543
-1696.619939 -444.080817 -183.107752
-1696.568726 -442.142647 -182.616960
-1696.517513 -440.204478 -182.126169
-1696.466300 -438.266308 -181.635377
-1696.415087 -436.328139 -181.144585
-1696.363874 -434.389970 -180.653794
-1696.312661 -432.451800 -180.163002
-1696.261448 -430.513631 -179.672210
-1696.210235 -428.575461 -179.181419
-1696.159022 -426.637292 -178.690627
-1696.107809 -424.699122 -178.199835
-1696.056596 -422.760953 -177.709044
-1696.005383 -420.822783 -177.218252
-1695.954170 -418.884614 -176.727460
-1695.902957 -416.946445 -176.236669
-1695.851744 -415.008275 -175.745877
-1695.800531 -413.070106 -175.255086
-1695.749318 -411.131936 -174.764294
-1695.698105 -409.193767 -174.273502
-1695.646892 -407.255597 -173.782711
-1695.595679 -405.317428 -173.291919
-1695.544465 -403.379258 -172.801127
-1695.493252 -401.441089 -172.310336
-1695.442039 -399.502920 -171.819544
-1695.390826 -397.564750 -171.328752
-1695.339613 -395.626581 -170.837961
-1695.288400 -393.688411 -170.347169
-1695.237187 -391.750242 -169.856378
-1695.185974 -389.812072 -169.365586
-1695.134761 -387.873903 -168.874794
-1695.083548 -385.935733 -168.384003
-1695.032335 -383.997564 -167.893211
-1694.981122 -382.059395 -167.402419
-1694.929909 -380.121225 -166.911628
-1694.878696 -378.183056 -166.420836
-1694.827483 -376.244886 -165.930044
-1694.776270 -374.306717 -165.439253
-1694.725057 -372.368547 -164.948461
-1694.673844 -370.430378 -164.457670
-1694.622631 -368.492208 -163.966878
-1694.571418 -366.554039 -163.476086
-1694.520205 -364.615870 -162.985295
-1694.468992 -362.677700 -162.494503
-1694.417779 -360.739531 -162.003711
-1694.366566 -358.801361 -161.512920
-1694.315352 -356.863192 -161.022128
-1694.264139 -354.925022 -160.531336
-1694.212926 -352.986853 -160.040545
-1694.161713 -351.048683 -159.549753
-1694.110500 -349.110514 -159.058961
-1694.059287 -347.172345 -158.568170
-1694.008074 -345.234175 -158.077378
-1693.956861 -343.296006 -157.586587
-1693.905648 -341.357836 -157.095795
-1693.854435 -339.419667 -156.605003
-1693.803222 -337.481497 -156.114212
-1693.752009 -335.543328 -155.623420
-1693.700796 -333.605158 -155.132628
-1693.649583 -331.666989 -154.641837
-1693.598370 -329.728820 -154.151045
-1693.547157 -327.790650 -153.660253
-1693.495944 -325.852481 -153.169462
-1693.444731 -323.914311 -152.678670
-1693.393518 -321.976142 -152.187879
-1693.342305 -320.037972 -151.697087
-1693.291092 -318.099803 -151.206295
-1693.239879 -316.161633 -150.715504
-1693.188666 -314.223464 -150.224712
-1693.137453 -312.285295 -149.733920
-1693.086240 -310.347125 -149.243129
-1693.035026 -308.408956 -148.752337
-1692.983813 -306.470786 -148.261545
-1692.932600 -304.532617 -147.770754
-1692.881387 -302.594447 -147.279962
-1692.830174 -300.656278 -146.789170
-1692.778961 -298.718108 -146.298379
-1692.727748 -296.779939 -145.807587
-1692.676535 -294.841770 -145.316796
-1692.625322 -292.903600 -144.826004
-1692.574109 -290.965431 -144.335212
-1692.522896 -289.027261 -143.844421
-1692.471683 -287.089092 -143.353629
-1692.420470 -285.150922 -142.862837
-1692.369257 -283.212753 -142.372046
-1692.318044 -281.274583 -141.881254
-1692.266831 -279.336414 -141.390462
-1692.215618 -277.398245 -140.899671
-1692.164405 -275.460075 -140.408879
-1692.113192 -273.521906 -139.918088
-1692.061979 -271.583736 -139.427296
-1692.010766 -269.645567 -138.936504
-1691.959553 -267.707397 -138.445713
-1691.908340 -265.769228 -137.954921
-1691.857127 -263.831059 -137.464129
-1691.805913 -261.892889 -136.973338
-1691.754700 -259.954720 -136.482546
-1691.703487 -258.016550 -135.991754
-1691.652274 -256.078381 -135.500963
-1691.601061 -254.140211 -135.010171
-1691.549848 -252.202042 -134.519380
-1691.498635 -250.263872 -134.028588
-1691.447422 -248.325703 -133.537796
-1691.396209 -246.387534 -133.047005
-1691.344996 -244.449364 -132.556213
-1691.293783 -242.511195 -132.065421
-1691.242570 -240.573025 -131.574630
-1691.191357 -238.634856 -131.083838
-1691.140144 -236.696686 -130.593046
-1691.088931 -234.758517 -130.102255
-1691.037718 -232.820347 -129.611463
-1690.986505 -230.882178 -129.120671
-1690.935292 -228.944009 -128.629880
-1690.884079 -227.005839 -128.139088
-1690.832866 -225.067670 -127.648297
-1690.781653 -223.129500 -127.157505
-1690.730440 -221.191331 -126.666713
-1690.679227 -219.253161 -126.175922
-1690.628014 -217.314992 -125.685130
-1690.576801 -215.376822 -125.194338
-1690.525587 -213.438653 -124.703547
-1690.474374 -211.500484 -124.212755
-1690.423161 -209.562314 -123.721963
-1690.371948 -207.624145 -123.231172
-1690.320735 -205.685975 -122.740380
-1690.269522 -203.747806 -122.249589
-1690.218309 -201.809636 -121.758797
-1690.167096 -199.871467 -121.268005
-1690.115883 -197.933297 -120.777214
-1690.064670 -195.995128 -120.286422
-1690.013457 -194.056959 -119.795630
-1689.962244 -192.118789 -119.304839
-1689.911031 -190.180620 -118.814047
-1689.859818 -188.242450 -118.323255
-1689.808605 -186.304281 -117.832464
-1689.757392 -184.366111 -117.341672
-1689.706179 -182.427942 -116.850880
-1689.654966 -180.489772 -116.360089
-1689.603753 -178.551603 -115.869297
-1689.552540 -176.613434 -115.378506
-1689.501327 -174.675264 -114.887714
-1689.450114 -172.737095 -114.396922
-1689.398901 -170.798925 -113.906131
-1689.347688 -168.860756 -113.415339
-1689.296475 -166.922586 -112.924547
-1689.245261 -164.984417 -112.433756
-1689.194048 -163.046247 -111.942964
-1689.142835 -161.108078 -111.452172
-1689.091622 -159.169909 -110.961381
-1689.040409 -157.231739 -110.470589
-1688.989196 -155.293570 -109.979798
-1688.937983 -153.355400 -109.489006
-1688.886770 -151.417231 -108.998214
-1688.835557 -149.479061 -108.507423
-1688.784344 -147.540892 -108.016631
-1688.733131 -145.602722 -107.525839
-1688.681918 -143.664553 -107.035048
-1688.630705 -141.726384 -106.544256
-1688.579492 -139.788214 -106.053464
-1688.528279 -137.850045 -105.562673
-1688.477066 -135.911875 -105.071881
-1688.425853 -133.973706 -104.581089
-1688.374640 -132.035536 -104.090298
-1688.323427 -130.097367 -103.599506
-1688.272214 -128.159197 -103.108715
-1688.221001 -126.221028 -102.617923
-1688.169788 -124.282859 -102.127131
-1688.118575 -122.344689 -101.636340
-1688.067362 -120.406520 -101.145548
-1688.000000 -806.000000 -268.000000
-1688.099951 -804.050951 -267.562713
-1688.199902 -802.101903 -267.125427
-1688.299854 -800.152854 -266.688140
-1688.399805 -798.203806 -266.250854
-1688.499756 -796.254757 -265.813567
-1688.599707 -794.305709 -265.376281
-1688.699658 -792.356660 -264.938994
-1688.799610 -790.407612 -264.501708
-1688.899561 -788.458563 -264.064421
-1688.999512 -786.509515 -263.627135
-1689.099463 -784.560466 -263.189848
-1689.199414 -782.611417 -262.752562
-1689.299366 -780.662369 -262.315275
-1689.399317 -778.713320 -261.877989
-1689.499268 -776.764272 -261.440702
-1689.599219 -774.815223 -261.003415
-1689.699171 -772.866175 -260.566129
-1689.799122 -770.917126 -260.128842
-1689.899073 -768.968078 -259.691556
-1689.999024 -767.019029 -259.254269
-1690.098975 -765.069980 -258.816983
-1690.198927 -763.120932 -258.379696
-1690.298878 -761.171883 -257.942410
-1690.398829 -759.222835 -257.505123
-1690.498780 -757.273786 -257.067837
-1690.598731 -755.324738 -256.630550
-1690.698683 -753.375689 -256.193264
-1690.798634 -751.426641 -255.755977
-1690.898585 -749.477592 -255.318691
-1690.998536 -747.528544 -254.881404
-1691.098487 -745.579495 -254.444117
-1691.198439 -743.630446 -254.006831
-1691.298390 -741.681398 -253.569544
-1691.398341 -739.732349 -253.132258
-1691.498292 -737.783301 -252.694971
-1691.598243 -735.834252 -252.257685
-1691.698195 -733.885204 -251.820398
-1691.798146 -731.936155 -251.383112
-1691.898097 -729.987107 -250.945825
-1691.998048 -728.038058 -250.508539
-1692.098000 -726.089010 -250.071252
-1692.197951 -724.139961 -249.633966
-1692.297902 -722.190912 -249.196679
-1692.397853 -720.241864 -248.759393
-1692.497804 -718.292815 -248.322106
-1692.597756 -716.343767 -247.884819
-1692.697707 -714.394718 -247.447533
-1692.797658 -712.445670 -247.010246
-1692.897609 -710.496621 -246.572960
-1692.997560 -708.547573 -246.135673
-1693.097512 -706.598524 -245.698387
-1693.197463 -704.649475 -245.261100
-1693.297414 -702.700427 -244.823814
-1693.397365 -700.751378 -244.386527
-1693.497316 -698.802330 -243.949241
-1693.597268 -696.853281 -243.511954
-1693.697219 -694.904233 -243.074668
-1693.797170 -692.955184 -242.637381
-1693.897121 -691.006136 -242.200095
-1693.997072 -689.057087 -241.762808
-1694.097024 -687.108039 -241.325521
-1694.196975 -685.158990 -240.888235
-1694.296926 -683.209941 -240.450948
-1694.396877 -681.260893 -240.013662
-1694.496828 -679.311844 -239.576375
-1694.596780 -677.362796 -239.139089
-1694.696731 -675.413747 -238.701802
-1694.796682 -673.464699 -238.264516
-1694.896633 -671.515650 -237.827229
-1694.996585 -669.566602 -237.389943
-1695.096536 -667.617553 -236.952656
-1695.196487 -665.668505 -236.515370
-1695.296438 -663.719456 -236.078083
-1695.396389 -661.770407 -235.640797
-1695.496341 -659.821359 -235.203510
-1695.596292 -657.872310 -234.766223
-1695.696243 -655.923262 -234.328937
-1695.796194 -653.974213 -233.891650
-1695.896145 -652.025165 -233.454364
-1695.996097 -650.076116 -233.017077
-1696.096048 -648.127068 -232.579791
-1696.195999 -646.178019 -232.142504
-1696.295950 -644.228970 -231.705218
-1696.395901 -642.279922 -231.267931
-1696.495853 -640.330873 -230.830645
-1696.595804 -638.381825 -230.393358
-1696.695755 -636.432776 -229.956072
-1696.795706 -634.483728 -229.518785
-1696.895657 -632.534679 -229.081499
-1696.995609 -630.585631 -228.644212
-1697.095560 -628.636582 -228.206925
-1697.195511 -626.687534 -227.769639
-1697.295462 -624.738485 -227.332352
-1697.395414 -622.789436 -226.895066
-1697.495365 -620.840388 -226.457779
-1697.595316 -618.891339 -226.020493
-1697.695267 -616.942291 -225.583206
-1697.795218 -614.993242 -225.145920
-1697.895170 -613.044194 -224.708633
-1697.995121 -611.095145 -224.271347
-1698.095072 -609.146097 -223.834060
-1698.195023 -607.197048 -223.396774
-1698.294974 -605.248000 -222.959487
-1698.394926 -603.298951 -222.522201
-1698.494877 -601.349902 -222.084914
-1698.594828 -599.400854 -221.647627
-1698.694779 -597.451805 -221.210341
-1698.794730 -595.502757 -220.773054
-1698.894682 -593.553708 -220.335768
-1698.994633 -591.604660 -219.898481
-1699.094584 -589.655611 -219.461195
-1699.194535 -587.706563 -219.023908
-1699.294486 -585.757514 -218.586622
-1699.394438 -583.808465 -218.149335
-1699.494389 -581.859417 -217.712049
-1699.594340 -579.910368 -217.274762
-1699.694291 -577.961320 -216.837476
-1699.794242 -576.012271 -216.400189
-1699.894194 -574.063223 -215.962903
-1668.000000 -806.000000 -272.000000
-1669.961161 -806.000000 -271.607768
-1671.922323 -806.000000 -271.215535
-1673.883484 -806.000000 -270.823303
-1675.844645 -806.000000 -270.431071
-1677.805807 -806.000000 -270.038839
-1679.766968 -806.000000 -269.646606
-1681.728129 -806.000000 -269.254374
-1683.689291 -806.000000 -268.862142
-1685.650452 -806.000000 -268.469910
-1288.000000 -1060.000000 -272.000000
-1289.662753 -1058.888581 -272.000000
-1291.325506 -1057.777162 -272.000000
-1292.988259 -1056.665743 -272.000000
-1294.651012 -1055.554324 -272.000000
-1296.313765 -1054.442904 -272.000000
-1297.976518 -1053.331485 -272.000000
-1299.639271 -1052.220066 -272.000000
-1301.302024 -1051.108647 -272.000000
-1302.964777 -1049.997228 -272.000000
-1304.627530 -1048.885809 -272.000000
-1306.290283 -1047.774390 -272.000000
-1307.953036 -1046.662971 -272.000000
-1309.615789 -1045.551552 -272.000000
-1311.278542 -1044.440132 -272.000000
-1312.941295 -1043.328713 -272.000000
-1314.604048 -1042.217294 -272.000000
-1316.266801 -1041.105875 -272.000000
-1317.929554 -1039.994456 -272.000000
-1319.592307 -1038.883037 -272.000000
-1321.255060 -1037.771618 -272.000000
-1322.917813 -1036.660199 -272.000000
-1324.580566 -1035.548780 -272.000000
-1326.243319 -1034.437360 -272.000000
-1327.906072 -1033.325941 -272.000000
-1329.568825 -1032.214522 -272.000000
-1331.231578 -1031.103103 -272.000000
-1332.894331 -1029.991684 -272.000000
-1334.557084 -1028.880265 -272.000000
-1336.219837 -1027.768846 -272.000000
-1337.882590 -1026.657427 -272.000000
-1339.545343 -1025.546007 -272.000000
-1341.208096 -1024.434588 -272.000000
-1342.870849 -1023.323169 -272.000000
-1344.533602 -1022.211750 -272.000000
-1346.196355 -1021.100331 -272.000000
-1347.859108 -1019.988912 -272.000000
-1349.521861 -1018.877493 -272.000000
-1351.184614 -1017.766074 -272.000000
-1352.847367 -1016.654655 -272.000000
-1354.510120 -1015.543235 -272.000000
-1356.172873 -1014.431816 -272.000000
-1357.835626 -1013.320397 -272.000000
-1359.498379 -1012.208978 -272.000000
-1361.161132 -1011.097559 -272.000000
-1362.823885 -1009.986140 -272.000000
-1364.486638 -1008.874721 -272.000000
-1366.149391 -1007.763302 -272.000000
-1367.812144 -1006.651883 -272.000000
-1369.474897 -1005.540463 -272.000000
-1371.137650 -1004.429044 -272.000000
-1372.800403 -1003.317625 -272.000000
-1374.463156 -1002.206206 -272.000000
-1376.125909 -1001.094787 -272.000000
-1377.788662 -999.983368 -272.000000
-1379.451415 -998.871949 -272.000000
-1381.114168 -997.760530 -272.000000
-1382.776921 -996.649111 -272.000000
-1384.439674 -995.537691 -272.000000
-1386.102427 -994.426272 -272.000000
-1387.765180 -993.314853 -272.000000
-1389.427933 -992.203434 -272.000000
-1391.090686 -991.092015 -272.000000
-1392.753439 -989.980596 -272.000000
-1394.416192 -988.869177 -272.000000
-1396.078945 -987.757758 -272.000000
-1397.741698 -986.646339 -272.000000
-1399.404451 -985.534919 -272.000000
-1401.067204 -984.423500 -272.000000
-1402.729957 -983.312081 -272.000000
-1404.392710 -982.200662 -272.000000
-1406.055463 -981.089243 -272.000000
-1407.718216 -979.977824 -272.000000
-1409.380969 -978.866405 -272.000000
-1411.043722 -977.754986 -272.000000
-1412.706475 -976.643566 -272.000000
-1414.369228 -975.532147 -272.000000
-1416.031981 -974.420728 -272.000000
-1417.694734 -973.309309 -272.000000
-1419.357487 -972.197890 -272.000000
-1421.020240 -971.086471 -272.000000
-1422.682993 -969.975052 -272.000000
-1424.345746 -968.863633 -272.000000
-1426.008499 -967.752214 -272.000000
-1427.671252 -966.640794 -272.000000
-1429.334005 -965.529375 -272.000000
-1430.996758 -964.417956 -272.000000
-1432.659511 -963.306537 -272.000000
-1434.322264 -962.195118 -272.000000
-1435.985017 -961.083699 -272.000000
-1437.647770 -959.972280 -272.000000
-1439.310523 -958.860861 -272.000000
-1440.973276 -957.749442 -272.000000
-1442.636029 -956.638022 -272.000000
-1444.298782 -955.526603 -272.000000
-1445.961535 -954.415184 -272.000000
-1447.624288 -953.303765 -272.000000
-1449.287041 -952.192346 -272.000000
-1450.949794 -951.080927 -272.000000
-1452.612547 -949.969508 -272.000000
-1454.275300 -948.858089 -272.000000
-1455.938053 -947.746670 -272.000000
-1457.600806 -946.635250 -272.000000
-1459.263559 -945.523831 -272.000000
-1460.926312 -944.412412 -272.000000
-1462.589065 -943.300993 -272.000000
-1464.251818 -942.189574 -272.000000
-1465.914571 -941.078155 -272.000000
-1467.577324 -939.966736 -272.000000
-1469.240077 -938.855317 -272.000000
-1470.902830 -937.743898 -272.000000
-1472.565584 -936.632478 -272.000000
-1474.228337 -935.521059 -272.000000
-1475.891090 -934.409640 -272.000000
-1477.553843 -933.298221 -272.000000
-1479.216596 -932.186802 -272.000000
-1480.879349 -931.075383 -272.000000
-1482.542102 -929.963964 -272.000000
-1484.204855 -928.852545 -272.000000
-1485.867608 -927.741125 -272.000000
-1487.530361 -926.629706 -272.000000
-1489.193114 -925.518287 -272.000000
-1490.855867 -924.406868 -272.000000
-1492.518620 -923.295449 -272.000000
-1494.181373 -922.184030 -272.000000
-1495.844126 -921.072611 -272.000000
-1497.506879 -919.961192 -272.000000
-1499.169632 -918.849773 -272.000000
-1500.832385 -917.738353 -272.000000
-1502.495138 -916.626934 -272.000000
-1504.157891 -915.515515 -272.000000
-1505.820644 -914.404096 -272.000000
-1507.483397 -913.292677 -272.000000
-1509.146150 -912.181258 -272.000000
-1510.808903 -911.069839 -272.000000
-1512.471656 -909.958420 -272.000000
-1514.134409 -908.847001 -272.000000
-1515.797162 -907.735581 -272.000000
-1517.459915 -906.624162 -272.000000
-1519.122668 -905.512743 -272.000000
-1520.785421 -904.401324 -272.000000
-1522.448174 -903.289905 -272.000000
-1524.110927 -902.178486 -272.000000
-1525.773680 -901.067067 -272.000000
-1527.436433 -899.955648 -272.000000
-1529.099186 -898.844229 -272.000000
-1530.761939 -897.732809 -272.000000
-1532.424692 -896.621390 -272.000000
-1534.087445 -895.509971 -272.000000
-1535.750198 -894.398552 -272.000000
-1537.412951 -893.287133 -272.000000
-1539.075704 -892.175714 -272.000000
-1540.738457 -891.064295 -272.000000
-1542.401210 -889.952876 -272.000000
-1544.063963 -888.841457 -272.000000
-1545.726716 -887.730037 -272.000000
-1547.389469 -886.618618 -272.000000
-1549.052222 -885.507199 -272.000000
-1550.714975 -884.395780 -272.000000
-1552.377728 -883.284361 -272.000000
-1554.040481 -882.172942 -272.000000
-1555.703234 -881.061523 -272.000000
-1557.365987 -879.950104 -272.000000
-1559.028740 -878.838684 -272.000000
-1560.691493 -877.727265 -272.000000
-1562.354246 -876.615846 -272.000000
-1564.016999 -875.504427 -272.000000
-1565.679752 -874.393008 -272.000000
-1567.342505 -873.281589 -272.000000
-1569.005258 -872.170170 -272.000000
-1570.668011 -871.058751 -272.000000
-1572.330764 -869.947332 -272.000000
-1573.993517 -868.835912 -272.000000
-1575.656270 -867.724493 -272.000000
-1577.319023 -866.613074 -272.000000
-1578.981776 -865.501655 -272.000000
-1580.644529 -864.390236 -272.000000
-1582.307282 -863.278817 -272.000000
-1583.970035 -862.167398 -272.000000
-1585.632788 -861.055979 -272.000000
-1587.295541 -859.944560 -272.000000
-1588.958294 -858.833140 -272.000000
-1590.621047 -857.721721 -272.000000
-1592.283800 -856.610302 -272.000000
-1593.946553 -855.498883 -272.000000
-1595.609306 -854.387464 -272.000000
-1597.272059 -853.276045 -272.000000
-1598.934812 -852.164626 -272.000000
-1600.597565 -851.053207 -272.000000
-1602.260318 -849.941788 -272.000000
-1603.923071 -848.830368 -272.000000
-1605.585824 -847.718949 -272.000000
-1607.248577 -846.607530 -272.000000
-1608.911330 -845.496111 -272.000000
-1610.574083 -844.384692 -272.000000
-1612.236836 -843.273273 -272.000000
-1613.899589 -842.161854 -272.000000
-1615.562342 -841.050435 -272.000000
-1617.225095 -839.939016 -272.000000
-1618.887848 -838.827596 -272.000000
-1620.550601 -837.716177 -272.000000
-1622.213354 -836.604758 -272.000000
-1623.876107 -835.493339 -272.000000
-1625.538860 -834.381920 -272.000000
-1627.201613 -833.270501 -272.000000
-1628.864366 -832.159082 -272.000000
-1630.527119 -831.047663 -272.000000
-1632.189872 -829.936243 -272.000000
-1633.852625 -828.824824 -272.000000
-1635.515378 -827.713405 -272.000000
-1637.178131 -826.601986 -272.000000
-1638.840884 -825.490567 -272.000000
-1640.503637 -824.379148 -272.000000
-1642.166390 -823.267729 -272.000000
-1643.829143 -822.156310 -272.000000
-1645.491896 -821.044891 -272.000000
-1647.154649 -819.933471 -272.000000
-1648.817402 -818.822052 -272.000000
-1650.480155 -817.710633 -272.000000
-1652.142908 -816.599214 -272.000000
-1653.805661 -815.487795 -272.000000
-1655.468414 -814.376376 -272.000000
-1657.131167 -813.264957 -272.000000
-1658.793920 -812.153538 -272.000000
-1660.456673 -811.042119 -272.000000
-1662.119426 -809.930699 -272.000000
-1663.782179 -808.819280 -272.000000
-1665.444932 -807.707861 -272.000000
-1288.000000 -1060.000000 64.000000
-1288.000000 -1060.000000 62.000000
-1288.000000 -1060.000000 60.000000
-1288.000000 -1060.000000 58.000000
-1288.000000 -1060.000000 56.000000
-1288.000000 -1060.000000 54.000000
-1288.000000 -1060.000000 52.000000
-1288.000000 -1060.000000 50.000000
-1288.000000 -1060.000000 48.000000
-1288.000000 -1060.000000 46.000000
-1288.000000 -1060.000000 44.000000
-1288.000000 -1060.000000 42.000000
-1288.000000 -1060.000000 40.000000
-1288.000000 -1060.000000 38.000000
-1288.000000 -1060.000000 36.000000
-1288.000000 -1060.000000 34.000000
-1288.000000 -1060.000000 32.000000
-1288.000000 -1060.000000 30.000000
-1288.000000 -1060.000000 28.000000
-1288.000000 -1060.000000 26.000000
-1288.000000 -1060.000000 24.000000
-1288.000000 -1060.000000 22.000000
-1288.000000 -1060.000000 20.000000
-1288.000000 -1060.000000 18.000000
-1288.000000 -1060.000000 16.000000
-1288.000000 -1060.000000 14.000000
-1288.000000 -1060.000000 12.000000
-1288.000000 -1060.000000 10.000000
-1288.000000 -1060.000000 8.000000
-1288.000000 -1060.000000 6.000000
-1288.000000 -1060.000000 4.000000
-1288.000000 -1060.000000 2.000000
-1288.000000 -1060.000000 0.000000
-1288.000000 -1060.000000 -2.000000
-1288.000000 -1060.000000 -4.000000
-1288.000000 -1060.000000 -6.000000
-1288.000000 -1060.000000 -8.000000
-1288.000000 -1060.000000 -10.000000
-1288.000000 -1060.000000 -12.000000
-1288.000000 -1060.000000 -14.000000
-1288.000000 -1060.000000 -16.000000
-1288.000000 -1060.000000 -18.000000
-1288.000000 -1060.000000 -20.000000
-1288.000000 -1060.000000 -22.000000
-1288.000000 -1060.000000 -24.000000
-1288.000000 -1060.000000 -26.000000
-1288.000000 -1060.000000 -28.000000
-1288.000000 -1060.000000 -30.000000
-1288.000000 -1060.000000 -32.000000
-1288.000000 -1060.000000 -34.000000
-1288.000000 -1060.000000 -36.000000
-1288.000000 -1060.000000 -38.000000
-1288.000000 -1060.000000 -40.000000
-1288.000000 -1060.000000 -42.000000
-1288.000000 -1060.000000 -44.000000
-1288.000000 -1060.000000 -46.000000
-1288.000000 -1060.000000 -48.000000
-1288.000000 -1060.000000 -50.000000
-1288.000000 -1060.000000 -52.000000
-1288.000000 -1060.000000 -54.000000
-1288.000000 -1060.000000 -56.000000
-1288.000000 -1060.000000 -58.000000
-1288.000000 -1060.000000 -60.000000
-1288.000000 -1060.000000 -62.000000
-1288.000000 -1060.000000 -64.000000
-1288.000000 -1060.000000 -66.000000
-1288.000000 -1060.000000 -68.000000
-1288.000000 -1060.000000 -70.000000
-1288.000000 -1060.000000 -72.000000
-1288.000000 -1060.000000 -74.000000
-1288.000000 -1060.000000 -76.000000
-1288.000000 -1060.000000 -78.000000
-1288.000000 -1060.000000 -80.000000
-1288.000000 -1060.000000 -82.000000
-1288.000000 -1060.000000 -84.000000
-1288.000000 -1060.000000 -86.000000
-1288.000000 -1060.000000 -88.000000
-1288.000000 -1060.000000 -90.000000
-1288.000000 -1060.000000 -92.000000
-1288.000000 -1060.000000 -94.000000
-1288.000000 -1060.000000 -96.000000
-1288.000000 -1060.000000 -98.000000
-1288.000000 -1060.000000 -100.000000
-1288.000000 -1060.000000 -102.000000
-1288.000000 -1060.000000 -104.000000
-1288.000000 -1060.000000 -106.000000
-1288.000000 -1060.000000 -108.000000
-1288.000000 -1060.000000 -110.000000
-1288.000000 -1060.000000 -112.000000
-1288.000000 -1060.000000 -114.000000
-1288.000000 -1060.000000 -116.000000
-1288.000000 -1060.000000 -118.000000
-1288.000000 -1060.000000 -120.000000
-1288.000000 -1060.000000 -122.000000
-1288.000000 -1060.000000 -124.000000
-1288.000000 -1060.000000 -126.000000
-1288.000000 -1060.000000 -128.000000
-1288.000000 -1060.000000 -130.000000
-1288.000000 -1060.000000 -132.000000
-1288.000000 -1060.000000 -134.000000
-1288.000000 -1060.000000 -136.000000
-1288.000000 -1060.000000 -138.000000
-1288.000000 -1060.000000 -140.000000
-1288.000000 -1060.000000 -142.000000
-1288.000000 -1060.000000 -144.000000
-1288.000000 -1060.000000 -146.000000
-1288.000000 -1060.000000 -148.000000
-1288.000000 -1060.000000 -150.000000
-1288.000000 -1060.000000 -152.000000
-1288.000000 -1060.000000 -154.000000
-1288.000000 -1060.000000 -156.000000
-1288.000000 -1060.000000 -158.000000
-1288.000000 -1060.000000 -160.000000
-1288.000000 -1060.000000 -162.000000
-1288.000000 -1060.000000 -164.000000
-1288.000000 -1060.000000 -166.000000
-1288.000000 -1060.000000 -168.000000
-1288.000000 -1060.000000 -170.000000
-1288.000000 -1060.000000 -172.000000
-1288.000000 -1060.000000 -174.000000
-1288.000000 -1060.000000 -176.000000
-1288.000000 -1060.000000 -178.000000
-1288.000000 -1060.000000 -180.000000
-1288.000000 -1060.000000 -182.000000
-1288.000000 -1060.000000 -184.000000
-1288.000000 -1060.000000 -186.000000
-1288.000000 -1060.000000 -188.000000
-1288.000000 -1060.000000 -190.000000
-1288.000000 -1060.000000 -192.000000
-1288.000000 -1060.000000 -194.000000
-1288.000000 -1060.000000 -196.000000
-1288.000000 -1060.000000 -198.000000
-1288.000000 -1060.000000 -200.000000
-1288.000000 -1060.000000 -202.000000
-1288.000000 -1060.000000 -204.000000
-1288.000000 -1060.000000 -206.000000
-1288.000000 -1060.000000 -208.000000
-1288.000000 -1060.000000 -210.000000
-1288.000000 -1060.000000 -212.000000
-1288.000000 -1060.000000 -214.000000
-1288.000000 -1060.000000 -216.000000
-1288.000000 -1060.000000 -218.000000
-1288.000000 -1060.000000 -220.000000
-1288.000000 -1060.000000 -222.000000
-1288.000000 -1060.000000 -224.000000
-1288.000000 -1060.000000 -226.000000
-1288.000000 -1060.000000 -228.000000
-1288.000000 -1060.000000 -230.000000
-1288.000000 -1060.000000 -232.000000
-1288.000000 -1060.000000 -234.000000
-1288.000000 -1060.000000 -236.000000
-1288.000000 -1060.000000 -238.000000
-1288.000000 -1060.000000 -240.000000
-1288.000000 -1060.000000 -242.000000
-1288.000000 -1060.000000 -244.000000
-1288.000000 -1060.000000 -246.000000
-1288.000000 -1060.000000 -248.000000
-1288.000000 -1060.000000 -250.000000
-1288.000000 -1060.000000 -252.000000
-1288.000000 -1060.000000 -254.000000
-1288.000000 -1060.000000 -256.000000
-1288.000000 -1060.000000 -258.000000
-1288.000000 -1060.000000 -260.000000
-1288.000000 -1060.000000 -262.000000
-1288.000000 -1060.000000 -264.000000
-1288.000000 -1060.000000 -266.000000
-1288.000000 -1060.000000 -268.000000
-1676.000000 -806.000000 64.000000
-1674.326669 -807.095428 64.000000
-1672.653338 -808.190856 64.000000
-1670.980006 -809.286284 64.000000
-1669.306675 -810.381713 64.000000
-1667.633344 -811.477141 64.000000
-1665.960013 -812.572569 64.000000
-1664.286682 -813.667997 64.000000
-1662.613351 -814.763425 64.000000
-1660.940019 -815.858853 64.000000
-1659.266688 -816.954281 64.000000
-1657.593357 -818.049709 64.000000
-1655.920026 -819.145138 64.000000
-1654.246695 -820.240566 64.000000
-1652.573364 -821.335994 64.000000
-1650.900032 -822.431422 64.000000
-1649.226701 -823.526850 64.000000
-1647.553370 -824.622278 64.000000
-1645.880039 -825.717706 64.000000
-1644.206708 -826.813135 64.000000
-1642.533377 -827.908563 64.000000
-1640.860045 -829.003991 64.000000
-1639.186714 -830.099419 64.000000
-1637.513383 -831.194847 64.000000
-1635.840052 -832.290275 64.000000
-1634.166721 -833.385703 64.000000
-1632.493390 -834.481132 64.000000
-1630.820058 -835.576560 64.000000
-1629.146727 -836.671988 64.000000
-1627.473396 -837.767416 64.000000
-1625.800065 -838.862844 64.000000
-1624.126734 -839.958272 64.000000
-1622.453403 -841.053700 64.000000
-1620.780071 -842.149128 64.000000
-1619.106740 -843.244557 64.000000
-1617.433409 -844.339985 64.000000
-1615.760078 -845.435413 64.000000
-1614.086747 -846.530841 64.000000
-1612.413416 -847.626269 64.000000
-1610.740084 -848.721697 64.000000
-1609.066753 -849.817125 64.000000
-1607.393422 -850.912554 64.000000
-1605.720091 -852.007982 64.000000
-1604.046760 -853.103410 64.000000
-1602.373429 -854.198838 64.000000
-1600.700097 -855.294266 64.000000
-1599.026766 -856.389694 64.000000
-1597.353435 -857.485122 64.000000
-1595.680104 -858.580551 64.000000
-1594.006773 -859.675979 64.000000
-1592.333442 -860.771407 64.000000
-1590.660110 -861.866835 64.000000
-1588.986779 -862.962263 64.000000
-1587.313448 -864.057691 64.000000
-1585.640117 -865.153119 64.000000
-1583.966786 -866.248547 64.000000
-1582.293455 -867.343976 64.000000
-1580.620123 -868.439404 64.000000
-1578.946792 -869.534832 64.000000
-1577.273461 -870.630260 64.000000
-1575.600130 -871.725688 64.000000
-1573.926799 -872.821116 64.000000
-1572.253468 -873.916544 64.000000
-1570.580136 -875.011973 64.000000
-1568.906805 -876.107401 64.000000
-1567.233474 -877.202829 64.000000
-1565.560143 -878.298257 64.000000
-1563.886812 -879.393685 64.000000
-1562.213481 -880.489113 64.000000
-1560.540149 -881.584541 64.000000
-1558.866818 -882.679970 64.000000
-1557.193487 -883.775398 64.000000
-1555.520156 -884.870826 64.000000
-1553.846825 -885.966254 64.000000
-1552.173494 -887.061682 64.000000
-1550.500162 -888.157110 64.000000
-1548.826831 -889.252538 64.000000
-1547.153500 -890.347966 64.000000
-1545.480169 -891.443395 64.000000
-1543.806838 -892.538823 64.000000
-1542.133507 -893.634251 64.000000
-1540.460175 -894.729679 64.000000
-1538.786844 -895.825107 64.000000
-1537.113513 -896.920535 64.000000
-1535.440182 -898.015963 64.000000
-1533.766851 -899.111392 64.000000
-1532.093520 -900.206820 64.000000
-1530.420188 -901.302248 64.000000
-1528.746857 -902.397676 64.000000
-1527.073526 -903.493104 64.000000
-1525.400195 -904.588532 64.000000
-1523.726864 -905.683960 64.000000
-1522.053533 -906.779389 64.000000
-1520.380201 -907.874817 64.000000
-1518.706870 -908.970245 64.000000
-1517.033539 -910.065673 64.000000
-1515.360208 -911.161101 64.000000
-1513.686877 -912.256529 64.000000
-1512.013546 -913.351957 64.000000
-1510.340214 -914.447385 64.000000
-1508.666883 -915.542814 64.000000
-1506.993552 -916.638242 64.000000
-1505.320221 -917.733670 64.000000
-1503.646890 -918.829098 64.000000
-1501.973558 -919.924526 64.000000
-1500.300227 -921.019954 64.000000
-1498.626896 -922.115382 64.000000
-1496.953565 -923.210811 64.000000
-1495.280234 -924.306239 64.000000
-1493.606903 -925.401667 64.000000
-1491.933571 -926.497095 64.000000
-1490.260240 -927.592523 64.000000
-1488.586909 -928.687951 64.000000
-1486.913578 -929.783379 64.000000
-1485.240247 -930.878808 64.000000
-1483.566916 -931.974236 64.000000
-1481.893584 -933.069664 64.000000
-1480.220253 -934.165092 64.000000
-1478.546922 -935.260520 64.000000
-1476.873591 -936.355948 64.000000
-1475.200260 -937.451376 64.000000
-1473.526929 -938.546804 64.000000
-1471.853597 -939.642233 64.000000
-1470.180266 -940.737661 64.000000
-1468.506935 -941.833089 64.000000
-1466.833604 -942.928517 64.000000
-1465.160273 -944.023945 64.000000
-1463.486942 -945.119373 64.000000
-1461.813610 -946.214801 64.000000
-1460.140279 -947.310230 64.000000
-1458.466948 -948.405658 64.000000
-1456.793617 -949.501086 64.000000
-1455.120286 -950.596514 64.000000
-1453.446955 -951.691942 64.000000
-1451.773623 -952.787370 64.000000
-1450.100292 -953.882798 64.000000
-1448.426961 -954.978226 64.000000
-1446.753630 -956.073655 64.000000
-1445.080299 -957.169083 64.000000
-1443.406968 -958.264511 64.000000
-1441.733636 -959.359939 64.000000
-1440.060305 -960.455367 64.000000
-1438.386974 -961.550795 64.000000
-1436.713643 -962.646223 64.000000
-1435.040312 -963.741652 64.000000
-1433.366981 -964.837080 64.000000
-1431.693649 -965.932508 64.000000
-1430.020318 -967.027936 64.000000
-1428.346987 -968.123364 64.000000
-1426.673656 -969.218792 64.000000
-1425.000325 -970.314220 64.000000
-1423.326994 -971.409649 64.000000
-1421.653662 -972.505077 64.000000
-1419.980331 -973.600505 64.000000
-1418.307000 -974.695933 64.000000
-1416.633669 -975.791361 64.000000
-1414.960338 -976.886789 64.000000
-1413.287007 -977.982217 64.000000
-1411.613675 -979.077645 64.000000
-1409.940344 -980.173074 64.000000
-1408.267013 -981.268502 64.000000
-1406.593682 -982.363930 64.000000
-1404.920351 -983.459358 64.000000
-1403.247020 -984.554786 64.000000
-1401.573688 -985.650214 64.000000
-1399.900357 -986.745642 64.000000
-1398.227026 -987.841071 64.000000
-1396.553695 -988.936499 64.000000
-1394.880364 -990.031927 64.000000
-1393.207033 -991.127355 64.000000
-1391.533701 -992.222783 64.000000
-1389.860370 -993.318211 64.000000
-1388.187039 -994.413639 64.000000
-1386.513708 -995.509068 64.000000
-1384.840377 -996.604496 64.000000
-1383.167046 -997.699924 64.000000
-1381.493714 -998.795352 64.000000
-1379.820383 -999.890780 64.000000
-1378.147052 -1000.986208 64.000000
-1376.473721 -1002.081636 64.000000
-1374.800390 -1003.177064 64.000000
-1373.127059 -1004.272493 64.000000
-1371.453727 -1005.367921 64.000000
-1369.780396 -1006.463349 64.000000
-1368.107065 -1007.558777 64.000000
-1366.433734 -1008.654205 64.000000
-1364.760403 -1009.749633 64.000000
-1363.087072 -1010.845061 64.000000
-1361.413740 -1011.940490 64.000000
-1359.740409 -1013.035918 64.000000
-1358.067078 -1014.131346 64.000000
-1356.393747 -1015.226774 64.000000
-1354.720416 -1016.322202 64.000000
-1353.047085 -1017.417630 64.000000
-1351.373753 -1018.513058 64.000000
-1349.700422 -1019.608487 64.000000
-1348.027091 -1020.703915 64.000000
-1346.353760 -1021.799343 64.000000
-1344.680429 -1022.894771 64.000000
-1343.007098 -1023.990199 64.000000
-1341.333766 -1025.085627 64.000000
-1339.660435 -1026.181055 64.000000
-1337.987104 -1027.276483 64.000000
-1336.313773 -1028.371912 64.000000
-1334.640442 -1029.467340 64.000000
-1332.967110 -1030.562768 64.000000
-1331.293779 -1031.658196 64.000000
-1329.620448 -1032.753624 64.000000
-1327.947117 -1033.849052 64.000000
-1326.273786 -1034.944480 64.000000
-1324.600455 -1036.039909 64.000000
-1322.927123 -1037.135337 64.000000
-1321.253792 -1038.230765 64.000000
-1319.580461 -1039.326193 64.000000
-1317.907130 -1040.421621 64.000000
-1316.233799 -1041.517049 64.000000
-1314.560468 -1042.612477 64.000000
-1312.887136 -1043.707906 64.000000
-1311.213805 -1044.803334 64.000000
-1309.540474 -1045.898762 64.000000
-1307.867143 -1046.994190 64.000000
-1306.193812 -1048.089618 64.000000
-1304.520481 -1049.185046 64.000000
-1302.847149 -1050.280474 64.000000
-1301.173818 -1051.375902 64.000000
-1299.500487 -1052.471331 64.000000
-1297.827156 -1053.566759 64.000000
-1296.153825 -1054.662187 64.000000
-1294.480494 -1055.757615 64.000000
-1292.807162 -1056.853043 64.000000
-1291.133831 -1057.948471 64.000000
-1676.000000 -723.785730 63.000000
-1676.000000 -725.785582 63.024325
-1676.000000 -727.785434 63.048650
-1676.000000 -729.785286 63.072975
-1676.000000 -731.785139 63.097300
-1676.000000 -733.784991 63.121624
-1676.000000 -735.784843 63.145949
-1676.000000 -737.784695 63.170274
-1676.000000 -739.784547 63.194599
-1676.000000 -741.784399 63.218924
-1676.000000 -743.784251 63.243249
-1676.000000 -745.784103 63.267574
-1676.000000 -747.783955 63.291899
-1676.000000 -749.783807 63.316223
-1676.000000 -751.783659 63.340548
-1676.000000 -753.783511 63.364873
-1676.000000 -755.783363 63.389198
-1676.000000 -757.783215 63.413523
-1676.000000 -759.783067 63.437848
-1676.000000 -761.782920 63.462173
-1676.000000 -763.782772 63.486498
-1676.000000 -765.782624 63.510822
-1676.000000 -767.782476 63.535147
-1676.000000 -769.782328 63.559472
-1676.000000 -771.782180 63.583797
-1676.000000 -773.782032 63.608122
-1676.000000 -775.781884 63.632447
-1676.000000 -777.781736 63.656772
-1676.000000 -779.781588 63.681097
-1676.000000 -781.781440 63.705421
-1676.000000 -783.781292 63.729746
-1676.000000 -785.781144 63.754071
-1676.000000 -787.780996 63.778396
-1676.000000 -789.780849 63.802721
-1676.000000 -791.780701 63.827046
-1676.000000 -793.780553 63.851371
-1676.000000 -795.780405 63.875696
-1676.000000 -797.780257 63.900020
-1676.000000 -799.780109 63.924345
-1676.000000 -801.779961 63.948670
-1676.000000 -803.779813 63.972995
-1676.500005 -876.642953 -100.500000
-1676.495538 -875.277092 -99.039040
-1676.491070 -873.911231 -97.578080
-1676.486602 -872.545370 -96.117120
-1676.482134 -871.179509 -94.656160
-1676.477666 -869.813648 -93.195201
-1676.473199 -868.447788 -91.734241
-1676.468731 -867.081927 -90.273281
-1676.464263 -865.716066 -88.812321
-1676.459795 -864.350205 -87.351361
-1676.455327 -862.984344 -85.890401
-1676.450860 -861.618483 -84.429441
-1676.446392 -860.252622 -82.968481
-1676.441924 -858.886761 -81.507521
-1676.437456 -857.520900 -80.046562
-1676.432988 -856.155039 -78.585602
-1676.428520 -854.789178 -77.124642
-1676.424053 -853.423317 -75.663682
-1676.419585 -852.057456 -74.202722
-1676.415117 -850.691595 -72.741762
-1676.410649 -849.325734 -71.280802
-1676.406181 -847.959873 -69.819842
-1676.401714 -846.594012 -68.358882
-1676.397246 -845.228151 -66.897923
-1676.392778 -843.862290 -65.436963
-1676.388310 -842.496429 -63.976003
-1676.383842 -841.130568 -62.515043
-1676.379374 -839.764707 -61.054083
-1676.374907 -838.398846 -59.593123
-1676.370439 -837.032985 -58.132163
-1676.365971 -835.667124 -56.671203
-1676.361503 -834.301263 -55.210243
-1676.357035 -832.935402 -53.749284
-1676.352568 -831.569541 -52.288324
-1676.348100 -830.203680 -50.827364
-1676.343632 -828.837819 -49.366404
-1676.339164 -827.471958 -47.905444
-1676.334696 -826.106097 -46.444484
-1676.330228 -824.740236 -44.983524
-1676.325761 -823.374375 -43.522564
-1676.321293 -822.008514 -42.061604
-1676.316825 -820.642653 -40.600645
-1676.312357 -819.276792 -39.139685
-1676.307889 -817.910931 -37.678725
-1676.303422 -816.545070 -36.217765
-1676.298954 -815.179209 -34.756805
-1676.294486 -813.813348 -33.295845
-1676.290018 -812.447487 -31.834885
-1676.285550 -811.081626 -30.373925
-1676.281082 -809.715765 -28.912965
-1676.276615 -808.349904 -27.452006
-1676.272147 -806.984043 -25.991046
-1676.267679 -805.618182 -24.530086
-1676.263211 -804.252321 -23.069126
-1676.258743 -802.886460 -21.608166
-1676.254276 -801.520599 -20.147206
-1676.249808 -800.154738 -18.686246
-1676.245340 -798.788877 -17.225286
-1676.240872 -797.423016 -15.764326
-1676.236404 -796.057155 -14.303367
-1676.231937 -794.691294 -12.842407
-1676.227469 -793.325433 -11.381447
-1676.223001 -791.959572 -9.920487
-1676.218533 -790.593711 -8.459527
-1676.214065 -789.227850 -6.998567
-1676.209597 -787.861989 -5.537607
-1676.205130 -786.496128 -4.076647
-1676.200662 -785.130267 -2.615687
-1676.196194 -783.764406 -1.154728
-1676.191726 -782.398545 0.306232
-1676.187258 -781.032684 1.767192
-1676.182791 -779.666823 3.228152
-1676.178323 -778.300962 4.689112
-1676.173855 -776.935101 6.150072
-1676.169387 -775.569240 7.611032
-1676.164919 -774.203379 9.071992
-1676.160451 -772.837518 10.532952
-1676.155984 -771.471657 11.993911
-1676.151516 -770.105796 13.454871
-1676.147048 -768.739935 14.915831
-1676.142580 -767.374074 16.376791
-1676.138112 -766.008213 17.837751
-1676.133645 -764.642352 19.298711
-1676.129177 -763.276491 20.759671
-1676.124709 -761.910630 22.220631
-1676.120241 -760.544769 23.681591
-1676.115773 -759.178908 25.142550
-1676.111305 -757.813047 26.603510
-1676.106838 -756.447186 28.064470
-1676.102370 -755.081325 29.525430
-1676.097902 -753.715464 30.986390
-1676.093434 -752.349603 32.447350
-1676.088966 -750.983742 33.908310
-1676.084499 -749.617881 35.369270
-1676.080031 -748.252020 36.830230
-1676.075563 -746.886159 38.291189
-1676.071095 -745.520298 39.752149
-1676.066627 -744.154437 41.213109
-1676.062159 -742.788576 42.674069
-1676.057692 -741.422715 44.135029
-1676.053224 -740.056854 45.595989
-1676.048756 -738.690993 47.056949
-1676.044288 -737.325133 48.517909
-1676.039820 -735.959272 49.978869
-1676.035353 -734.593411 51.439828
-1676.030885 -733.227550 52.900788
-1676.026417 -731.861689 54.361748
-1676.021949 -730.495828 55.822708
-1676.017481 -729.129967 57.283668
-1676.013014 -727.764106 58.744628
-1676.008546 -726.398245 60.205588
-1676.000000 -1040.000000 -100.500000
-1676.006122 -1038.000009 -100.500000
-1676.012243 -1036.000019 -100.500000
-1676.018365 -1034.000028 -100.500000
-1676.024486 -1032.000037 -100.500000
-1676.030608 -1030.000047 -100.500000
-1676.036730 -1028.000056 -100.500000
-1676.042851 -1026.000066 -100.500000
-1676.048973 -1024.000075 -100.500000
-1676.055094 -1022.000084 -100.500000
-1676.061216 -1020.000094 -100.500000
-1676.067338 -1018.000103 -100.500000
-1676.073459 -1016.000112 -100.500000
-1676.079581 -1014.000122 -100.500000
-1676.085702 -1012.000131 -100.500000
-1676.091824 -1010.000141 -100.500000
-1676.097946 -1008.000150 -100.500000
-1676.104067 -1006.000159 -100.500000
-1676.110189 -1004.000169 -100.500000
-1676.116310 -1002.000178 -100.500000
-1676.122432 -1000.000187 -100.500000
-1676.128554 -998.000197 -100.500000
-1676.134675 -996.000206 -100.500000
-1676.140797 -994.000215 -100.500000
-1676.146918 -992.000225 -100.500000
-1676.153040 -990.000234 -100.500000
-1676.159162 -988.000244 -100.500000
-1676.165283 -986.000253 -100.500000
-1676.171405 -984.000262 -100.500000
-1676.177526 -982.000272 -100.500000
-1676.183648 -980.000281 -100.500000
-1676.189770 -978.000290 -100.500000
-1676.195891 -976.000300 -100.500000
-1676.202013 -974.000309 -100.500000
-1676.208134 -972.000319 -100.500000
-1676.214256 -970.000328 -100.500000
-1676.220378 -968.000337 -100.500000
-1676.226499 -966.000347 -100.500000
-1676.232621 -964.000356 -100.500000
-1676.238742 -962.000365 -100.500000
-1676.244864 -960.000375 -100.500000
-1676.250986 -958.000384 -100.500000
-1676.257107 -956.000393 -100.500000
-1676.263229 -954.000403 -100.500000
-1676.269350 -952.000412 -100.500000
-1676.275472 -950.000422 -100.500000
-1676.281594 -948.000431 -100.500000
-1676.287715 -946.000440 -100.500000
-1676.293837 -944.000450 -100.500000
-1676.299958 -942.000459 -100.500000
-1676.306080 -940.000468 -100.500000
-1676.312202 -938.000478 -100.500000
-1676.318323 -936.000487 -100.500000
-1676.324445 -934.000497 -100.500000
-1676.330566 -932.000506 -100.500000
-1676.336688 -930.000515 -100.500000
-1676.342810 -928.000525 -100.500000
-1676.348931 -926.000534 -100.500000
-1676.355053 -924.000543 -100.500000
-1676.361174 -922.000553 -100.500000
-1676.367296 -920.000562 -100.500000
-1676.373418 -918.000571 -100.500000
-1676.379539 -916.000581 -100.500000
-1676.385661 -914.000590 -100.500000
-1676.391782 -912.000600 -100.500000
-1676.397904 -910.000609 -100.500000
-1676.404026 -908.000618 -100.500000
-1676.410147 -906.000628 -100.500000
-1676.416269 -904.000637 -100.500000
-1676.422390 -902.000646 -100.500000
-1676.428512 -900.000656 -100.500000
-1676.434634 -898.000665 -100.500000
-1676.440755 -896.000675 -100.500000
-1676.446877 -894.000684 -100.500000
-1676.452998 -892.000693 -100.500000
-1676.459120 -890.000703 -100.500000
-1676.465242 -888.000712 -100.500000
-1676.471363 -886.000721 -100.500000
-1676.477485 -884.000731 -100.500000
-1676.483606 -882.000740 -100.500000
-1676.489728 -880.000749 -100.500000
-1668.000000 -1080.000000 -104.000000
-1668.390796 -1078.046018 -103.829027
-1668.781593 -1076.092036 -103.658053
-1669.172389 -1074.138054 -103.487080
-1669.563186 -1072.184071 -103.316106
-1669.953982 -1070.230089 -103.145133
-1670.344779 -1068.276107 -102.974159
-1670.735575 -1066.322125 -102.803186
-1671.126371 -1064.368143 -102.632212
-1671.517168 -1062.414161 -102.461239
-1671.907964 -1060.460179 -102.290266
-1672.298761 -1058.506196 -102.119292
-1672.689557 -1056.552214 -101.948319
-1673.080354 -1054.598232 -101.777345
-1673.471150 -1052.644250 -101.606372
-1673.861946 -1050.690268 -101.435398
-1674.252743 -1048.736286 -101.264425
-1674.643539 -1046.782303 -101.093452
-1675.034336 -1044.828321 -100.922478
-1675.425132 -1042.874339 -100.751505
-1260.000000 -1080.000000 109.000000
-1261.772937 -1080.000000 108.074422
-1263.545874 -1080.000000 107.148845
-1265.318812 -1080.000000 106.223267
-1267.091749 -1080.000000 105.297690
-1268.864686 -1080.000000 104.372112
-1270.637623 -1080.000000 103.446535
-1272.410560 -1080.000000 102.520957
-1274.183498 -1080.000000 101.595380
-1275.956435 -1080.000000 100.669802
-1277.729372 -1080.000000 99.744225
-1279.502309 -1080.000000 98.818647
-1281.275246 -1080.000000 97.893070
-1283.048183 -1080.000000 96.967492
-1284.821121 -1080.000000 96.041915
-1286.594058 -1080.000000 95.116337
-1288.366995 -1080.000000 94.190760
-1290.139932 -1080.000000 93.265182
-1291.912869 -1080.000000 92.339605
-1293.685807 -1080.000000 91.414027
-1295.458744 -1080.000000 90.488450
-1297.231681 -1080.000000 89.562872
-1299.004618 -1080.000000 88.637295
-1300.777555 -1080.000000 87.711717
-1302.550493 -1080.000000 86.786140
-1304.323430 -1080.000000 85.860562
-1306.096367 -1080.000000 84.934985
-1307.869304 -1080.000000 84.009407
-1309.642241 -1080.000000 83.083830
-1311.415179 -1080.000000 82.158252
-1313.188116 -1080.000000 81.232675
-1314.961053 -1080.000000 80.307097
-1316.733990 -1080.000000 79.381520
-1318.506927 -1080.000000 78.455942
-1320.279864 -1080.000000 77.530365
-1322.052802 -1080.000000 76.604787
-1323.825739 -1080.000000 75.679210
-1325.598676 -1080.000000 74.753632
-1327.371613 -1080.000000 73.828055
-1329.144550 -1080.000000 72.902477
-1330.917488 -1080.000000 71.976900
-1332.690425 -1080.000000 71.051322
-1334.463362 -1080.000000 70.125745
-1336.236299 -1080.000000 69.200167
-1338.009236 -1080.000000 68.274590
-1339.782174 -1080.000000 67.349012
-1341.555111 -1080.000000 66.423435
-1343.328048 -1080.000000 65.497857
-1345.100985 -1080.000000 64.572280
-1346.873922 -1080.000000 63.646702
-1348.646860 -1080.000000 62.721125
-1350.419797 -1080.000000 61.795547
-1352.192734 -1080.000000 60.869970
-1353.965671 -1080.000000 59.944392
-1355.738608 -1080.000000 59.018815
-1357.511546 -1080.000000 58.093237
-1359.284483 -1080.000000 57.167660
-1361.057420 -1080.000000 56.242082
-1362.830357 -1080.000000 55.316505
-1364.603294 -1080.000000 54.390927
-1366.376231 -1080.000000 53.465350
-1368.149169 -1080.000000 52.539772
-1369.922106 -1080.000000 51.614195
-1371.695043 -1080.000000 50.688617
-1373.467980 -1080.000000 49.763040
-1375.240917 -1080.000000 48.837462
-1377.013855 -1080.000000 47.911885
-1378.786792 -1080.000000 46.986307
-1380.559729 -1080.000000 46.060730
-1382.332666 -1080.000000 45.135152
-1384.105603 -1080.000000 44.209575
-1385.878541 -1080.000000 43.283997
-1387.651478 -1080.000000 42.358420
-1389.424415 -1080.000000 41.432842
-1391.197352 -1080.000000 40.507265
-1392.970289 -1080.000000 39.581687
-1394.743227 -1080.000000 38.656110
-1396.516164 -1080.000000 37.730532
-1398.289101 -1080.000000 36.804955
-1400.062038 -1080.000000 35.879377
-1401.834975 -1080.000000 34.953800
-1403.607912 -1080.000000 34.028222
-1405.380850 -1080.000000 33.102645
-1407.153787 -1080.000000 32.177067
-1408.926724 -1080.000000 31.251490
-1410.699661 -1080.000000 30.325912
-1412.472598 -1080.000000 29.400335
-1414.245536 -1080.000000 28.474757
-1416.018473 -1080.000000 27.549180
-1417.791410 -1080.000000 26.623602
-1419.564347 -1080.000000 25.698025
-1421.337284 -1080.000000 24.772447
-1423.110222 -1080.000000 23.846870
-1424.883159 -1080.000000 22.921292
-1426.656096 -1080.000000 21.995715
-1428.429033 -1080.000000 21.070137
-1430.201970 -1080.000000 20.144560
-1431.974908 -1080.000000 19.218982
-1433.747845 -1080.000000 18.293405
-1435.520782 -1080.000000 17.367827
-1437.293719 -1080.000000 16.442250
-1439.066656 -1080.000000 15.516672
-1440.839593 -1080.000000 14.591095
-1442.612531 -1080.000000 13.665517
-1444.385468 -1080.000000 12.739940
-1446.158405 -1080.000000 11.814362
-1447.931342 -1080.000000 10.888785
-1449.704279 -1080.000000 9.963207
-1451.477217 -1080.000000 9.037630
-1453.250154 -1080.000000 8.112052
-1455.023091 -1080.000000 7.186475
-1456.796028 -1080.000000 6.260897
-1458.568965 -1080.000000 5.335320
-1460.341903 -1080.000000 4.409742
-1462.114840 -1080.000000 3.484165
-1463.887777 -1080.000000 2.558587
-1465.660714 -1080.000000 1.633010
-1467.433651 -1080.000000 0.707432
-1469.206589 -1080.000000 -0.218145
-1470.979526 -1080.000000 -1.143723
-1472.752463 -1080.000000 -2.069301
-1474.525400 -1080.000000 -2.994878
-1476.298337 -1080.000000 -3.920456
-1478.071275 -1080.000000 -4.846033
-1479.844212 -1080.000000 -5.771611
-1481.617149 -1080.000000 -6.697188
-1483.390086 -1080.000000 -7.622766
-1485.163023 -1080.000000 -8.548343
-1486.935960 -1080.000000 -9.473921
-1488.708898 -1080.000000 -10.399498
-1490.481835 -1080.000000 -11.325076
-1492.254772 -1080.000000 -12.250653
-1494.027709 -1080.000000 -13.176231
-1495.800646 -1080.000000 -14.101808
-1497.573584 -1080.000000 -15.027386
-1499.346521 -1080.000000 -15.952963
-1501.119458 -1080.000000 -16.878541
-1502.892395 -1080.000000 -17.804118
-1504.665332 -1080.000000 -18.729696
-1506.438270 -1080.000000 -19.655273
-1508.211207 -1080.000000 -20.580851
-1509.984144 -1080.000000 -21.506428
-1511.757081 -1080.000000 -22.432006
-1513.530018 -1080.000000 -23.357583
-1515.302956 -1080.000000 -24.283161
-1517.075893 -1080.000000 -25.208738
-1518.848830 -1080.000000 -26.134316
-1520.621767 -1080.000000 -27.059893
-1522.394704 -1080.000000 -27.985471
-1524.167641 -1080.000000 -28.911048
-1525.940579 -1080.000000 -29.836626
-1527.713516 -1080.000000 -30.762203
-1529.486453 -1080.000000 -31.687781
-1531.259390 -1080.000000 -32.613358
-1533.032327 -1080.000000 -33.538936
-1534.805265 -1080.000000 -34.464513
-1536.578202 -1080.000000 -35.390091
-1538.351139 -1080.000000 -36.315668
-1540.124076 -1080.000000 -37.241246
-1541.897013 -1080.000000 -38.166823
-1543.669951 -1080.000000 -39.092401
-1545.442888 -1080.000000 -40.017978
-1547.215825 -1080.000000 -40.943556
-1548.988762 -1080.000000 -41.869133
-1550.761699 -1080.000000 -42.794711
-1552.534637 -1080.000000 -43.720288
-1554.307574 -1080.000000 -44.645866
-1556.080511 -1080.000000 -45.571443
-1557.853448 -1080.000000 -46.497021
-1559.626385 -1080.000000 -47.422598
-1561.399322 -1080.000000 -48.348176
-1563.172260 -1080.000000 -49.273753
-1564.945197 -1080.000000 -50.199331
-1566.718134 -1080.000000 -51.124908
-1568.491071 -1080.000000 -52.050486
-1570.264008 -1080.000000 -52.976063
-1572.036946 -1080.000000 -53.901641
-1573.809883 -1080.000000 -54.827218
-1575.582820 -1080.000000 -55.752796
-1577.355757 -1080.000000 -56.678373
-1579.128694 -1080.000000 -57.603951
-1580.901632 -1080.000000 -58.529528
-1582.674569 -1080.000000 -59.455106
-1584.447506 -1080.000000 -60.380683
-1586.220443 -1080.000000 -61.306261
-1587.993380 -1080.000000 -62.231838
-1589.766318 -1080.000000 -63.157416
-1591.539255 -1080.000000 -64.082993
-1593.312192 -1080.000000 -65.008571
-1595.085129 -1080.000000 -65.934148
-1596.858066 -1080.000000 -66.859726
-1598.631004 -1080.000000 -67.785303
-1600.403941 -1080.000000 -68.710881
-1602.176878 -1080.000000 -69.636458
-1603.949815 -1080.000000 -70.562036
-1605.722752 -1080.000000 -71.487613
-1607.495689 -1080.000000 -72.413191
-1609.268627 -1080.000000 -73.338768
-1611.041564 -1080.000000 -74.264346
-1612.814501 -1080.000000 -75.189923
-1614.587438 -1080.000000 -76.115501
-1616.360375 -1080.000000 -77.041078
-1618.133313 -1080.000000 -77.966656
-1619.906250 -1080.000000 -78.892233
-1621.679187 -1080.000000 -79.817811
-1623.452124 -1080.000000 -80.743388
-1625.225061 -1080.000000 -81.668966
-1626.997999 -1080.000000 -82.594543
-1628.770936 -1080.000000 -83.520121
-1630.543873 -1080.000000 -84.445698
-1632.316810 -1080.000000 -85.371276
-1634.089747 -1080.000000 -86.296853
-1635.862685 -1080.000000 -87.222431
-1637.635622 -1080.000000 -88.148008
-1639.408559 -1080.000000 -89.073586
-1641.181496 -1080.000000 -89.999163
-1642.954433 -1080.000000 -90.924741
-1644.727370 -1080.000000 -91.850318
-1646.500308 -1080.000000 -92.775896
-1648.273245 -1080.000000 -93.701473
-1650.046182 -1080.000000 -94.627051
-1651.819119 -1080.000000 -95.552628
-1653.592056 -1080.000000 -96.478206
-1655.364994 -1080.000000 -97.403783
-1657.137931 -1080.000000 -98.329361
-1658.910868 -1080.000000 -99.254938
-1660.683805 -1080.000000 -100.180516
-1662.456742 -1080.000000 -101.106093
-1664.229680 -1080.000000 -102.031671
-1666.002617 -1080.000000 -102.957248
